point_t,x,y,dist_m,quality,angle_deg,imu_t,ax,ay,az,pitch,roll
1776306360.0007877,0.2352864771396121,0.6486449519384474,0.69,47,70.0625,1476388.0,-0.479,-0.012,0.771,-31.87,-0.74
1776306362.9404821,0.25354197347730706,0.05758878089725912,0.26,47,12.796875,1649700.0,-0.481,-0.011,0.773,-31.91,-0.71
1776306362.9751494,0.2652798735435812,0.062312428075798794,0.2725,47,13.21875,1649700.0,-0.481,-0.011,0.773,-31.91,-0.71
1776306363.0122054,0.25774535767301865,0.06158190154589014,0.265,47,13.4375,1649700.0,-0.481,-0.011,0.773,-31.91,-0.71
1776306363.0775976,0.2485302293572936,0.061389942951684234,0.256,47,13.875,1649700.0,-0.481,-0.011,0.773,-31.91,-0.71
1776306363.1192837,0.25409602091282246,0.06386871030692959,0.262,47,14.109375,1649700.0,-0.481,-0.011,0.773,-31.91,-0.71
1776306363.147061,0.2551787191518658,0.06569681340836252,0.2635,47,14.4375,1649700.0,-0.481,-0.011,0.773,-31.91,-0.71
1776306363.219075,0.2532382363026946,0.06718925266960929,0.262,47,14.859375,1649700.0,-0.481,-0.011,0.773,-31.91,-0.71
1776306363.258537,0.2456475778572376,0.06653959342280652,0.2545,47,15.15625,1649700.0,-0.481,-0.011,0.773,-31.91,-0.71
1776306363.3007243,0.25117701321587077,0.06906777853640779,0.2605,47,15.375,1649700.0,-0.481,-0.011,0.773,-31.91,-0.71
1776306363.3835218,0.24346368251332726,0.0688072328832499,0.253,47,15.78125,1707480.0,-0.48,-0.013,0.769,-31.98,-0.8
1776306363.4599214,0.2484720535029611,0.07220250084326466,0.25875,47,16.203125,1707480.0,-0.48,-0.013,0.769,-31.98,-0.8
1776306363.515436,0.24401962252395515,0.07228190522714831,0.2545,47,16.5,1707480.0,-0.48,-0.013,0.769,-31.98,-0.8
1776306363.551629,0.24817323749794573,0.0741015802111414,0.259,47,16.625,1707480.0,-0.48,-0.013,0.769,-31.98,-0.8
1776306363.5855858,0.24431548453370025,0.0747676000488399,0.2555,47,17.015625,1707480.0,-0.48,-0.013,0.769,-31.98,-0.8
1776306363.620299,0.24166092980712403,0.07489322402431524,0.253,47,17.21875,1707480.0,-0.48,-0.013,0.769,-31.98,-0.8
1776306363.6552763,0.2442353670160078,0.0767143109110417,0.256,47,17.4375,1707480.0,-0.48,-0.013,0.769,-31.98,-0.8
1776306363.6890438,0.24350648336475889,0.07736176419477782,0.2555,47,17.625,1707480.0,-0.48,-0.013,0.769,-31.98,-0.8
1776306363.7376852,0.2422574535880368,0.07798446115118185,0.2545,47,17.84375,1707480.0,-0.48,-0.013,0.769,-31.98,-0.8
1776306363.8086593,0.24310110430940116,0.08023623298454179,0.256,47,18.265625,1707480.0,-0.48,-0.013,0.769,-31.98,-0.8
1776306363.8623354,0.23941764222442743,0.08178137068853805,0.253,47,18.859375,1707480.0,-0.48,-0.013,0.769,-31.98,-0.8
1776306363.9248147,0.2383597667182932,0.08331189356869072,0.2525,47,19.265625,1707480.0,-0.48,-0.013,0.769,-31.98,-0.8
1776306364.4761946,0.09735464922541587,0.45801761404360447,0.46825,47,78.0,1765244.0,-0.479,-0.011,0.772,-31.8,-0.71
1776306364.524066,0.0933857639389697,0.44531348406884674,0.455,47,78.15625,1765244.0,-0.479,-0.011,0.772,-31.8,-0.71
1776306364.5874095,0.09358902965193823,0.4524213672328139,0.462,47,78.3125,1765244.0,-0.479,-0.011,0.772,-31.8,-0.71
1776306364.6389346,0.09260177740155826,0.4526244699771238,0.462,47,78.4375,1765244.0,-0.479,-0.011,0.772,-31.8,-0.71
1776306364.725005,0.09215929887163303,0.4542454332533119,0.4635,47,78.53125,1765244.0,-0.479,-0.011,0.772,-31.8,-0.71
1776306364.7879815,0.09087302823272984,0.45297471534271483,0.462,47,78.65625,1765244.0,-0.479,-0.011,0.772,-31.8,-0.71
1776306364.8984594,0.08827925259939887,0.4463538658514022,0.455,47,78.8125,1765244.0,-0.479,-0.011,0.772,-31.8,-0.71
1776306718.9325435,0.2142101255153196,0.16105285507159145,0.268,47,36.9375,1014264.0,-0.474,-0.021,0.771,-31.55,-1.36
1776306718.9742157,0.2155374803122906,0.16426988336462936,0.271,47,37.3125,1014264.0,-0.474,-0.021,0.771,-31.55,-1.36
1776306719.001975,0.21239603895122744,0.1634378249911222,0.268,47,37.578125,1014264.0,-0.474,-0.021,0.771,-31.55,-1.36
1776306719.0575333,0.21406463252292723,0.1678104082076679,0.272,47,38.09375,1014264.0,-0.474,-0.021,0.771,-31.55,-1.36
1776306719.0862353,0.21222475807862493,0.16852789697397025,0.271,47,38.453125,1014264.0,-0.474,-0.021,0.771,-31.55,-1.36
1776306719.1273048,0.20594857567238592,0.1643698092063002,0.2635,47,38.59375,1014264.0,-0.474,-0.021,0.771,-31.55,-1.36
1776306719.161695,0.20136967350072021,0.16288417539531994,0.259,47,38.96875,1014264.0,-0.474,-0.021,0.771,-31.55,-1.36
1776306719.1894727,0.19868549081797834,0.16143133443795551,0.256,47,39.09375,1014264.0,-0.474,-0.021,0.771,-31.55,-1.36
1776306719.217248,0.1996709401216647,0.16496216436180328,0.259,47,39.5625,1014264.0,-0.474,-0.021,0.771,-31.55,-1.36
1776306719.272796,0.19601759819265824,0.164660563580906,0.256,47,40.03125,1014264.0,-0.474,-0.021,0.771,-31.55,-1.36
1776306719.3144772,0.19689926641212377,0.16826074671879804,0.259,47,40.515625,1014264.0,-0.474,-0.021,0.771,-31.55,-1.36
1776306719.4255717,0.19224065675369878,0.16905481327340718,0.256,47,41.328125,1014264.0,-0.474,-0.021,0.771,-31.55,-1.36
1776306719.4539354,0.19458428780958323,0.1731970119189049,0.2605,47,41.671875,1014264.0,-0.474,-0.021,0.771,-31.55,-1.36
1776306719.4994366,0.19159455381816418,0.17204004460362882,0.2575,47,41.921875,1014264.0,-0.474,-0.021,0.771,-31.55,-1.36
1776306719.548865,0.1931608269022416,0.17478313691670105,0.2605,47,42.140625,1014264.0,-0.474,-0.021,0.771,-31.55,-1.36
1776306719.596207,0.18870352695021034,0.17225338579125593,0.2555,47,42.390625,1072028.0,-0.475,-0.021,0.773,-31.55,-1.36
1776306719.6594799,0.19023746744555892,0.1757575204078048,0.259,47,42.734375,1072028.0,-0.475,-0.021,0.773,-31.55,-1.36
1776306719.707037,0.1857749018625219,0.17248169711007122,0.2535,47,42.875,1072028.0,-0.475,-0.021,0.773,-31.55,-1.36
1776306719.7859666,0.18624194461656646,0.17491194374724614,0.2555,47,43.203125,1072028.0,-0.475,-0.021,0.773,-31.55,-1.36
1776306719.801661,0.19053920323319934,0.17982995309807975,0.262,47,43.34375,1072028.0,-0.475,-0.021,0.773,-31.55,-1.36
1776306719.849143,0.1862108513431366,0.1800181069838928,0.259,47,44.03125,1072028.0,-0.475,-0.021,0.773,-31.55,-1.36
1776306719.849143,0.1854236040724151,0.18082888887784565,0.259,47,44.28125,1072028.0,-0.475,-0.021,0.773,-31.55,-1.36
1776306719.9599307,0.1836619906572018,0.1804841355572116,0.2575,47,44.5,1072028.0,-0.475,-0.021,0.773,-31.55,-1.36
1776306720.0075712,0.18175829990000958,0.18027734305080653,0.256,47,44.765625,1072028.0,-0.475,-0.021,0.773,-31.55,-1.36
1776306720.023676,0.18178182484997862,0.1823776799781478,0.2575,47,45.09375,1072028.0,-0.475,-0.021,0.773,-31.55,-1.36
1776306720.055541,0.17922103049386826,0.18069330986153292,0.2545,47,45.234375,1072028.0,-0.475,-0.021,0.773,-31.55,-1.36
1776306720.1500201,0.17918363355931546,0.18283660865505288,0.256,47,45.578125,1072028.0,-0.475,-0.021,0.773,-31.55,-1.36
1776306720.2292523,0.1822573058337205,0.188218687887876,0.262,47,45.921875,1072028.0,-0.475,-0.021,0.773,-31.55,-1.36
1776306720.292805,0.17901057368418474,0.18648716982478727,0.2585,47,46.171875,1072028.0,-0.475,-0.021,0.773,-31.55,-1.36
1776306720.435187,0.1765729348729049,0.18535910733052444,0.256,47,46.390625,1072028.0,-0.475,-0.021,0.773,-31.55,-1.36
1776306720.5300915,0.1747326166603632,0.18503719268034352,0.2545,47,46.640625,1129808.0,-0.476,-0.022,0.771,-31.64,-1.39
1776306723.6845138,0.1925297871760486,0.5460524526544546,0.579,47,70.578125,1303128.0,-0.474,-0.023,0.772,-31.55,-1.48
1776308244.5369468,0.1839775584941891,0.520438524679445,0.552,47,70.53125,667896.0,-0.476,-0.026,0.769,-31.72,-1.67
1776308689.7450776,0.28586358010355384,0.7380747005353719,0.7915,47,68.828125,1418632.0,-0.479,-0.011,0.771,-31.82,-0.68
1776308689.857698,0.28658300902765665,0.7154898611697122,0.77075,47,68.171875,1534176.0,-0.479,-0.013,0.77,-31.88,-0.83
1776308689.967104,0.20339223187313285,0.5217581815493322,0.56,47,68.703125,1649720.0,-0.479,-0.011,0.771,-31.88,-0.68
1776308690.076285,0.2029058869448,0.5294508485621153,0.567,47,69.03125,1707488.0,-0.478,-0.011,0.768,-31.91,-0.68
1776308690.1769586,0.20420538380424766,0.520903456722414,0.5595,47,68.59375,1823028.0,-0.481,-0.011,0.77,-32.03,-0.68
1776308690.2743235,0.2039212446823842,0.5210147559975506,0.5595,47,68.625,1938572.0,-0.482,-0.009,0.769,-32.11,-0.55
1776308690.3676617,0.2076868306940523,0.5259813973481002,0.5655,47,68.453125,1996340.0,-0.479,-0.011,0.768,-31.92,-0.68
1776308690.4626622,0.1991864020023633,0.5244480691711554,0.561,47,69.203125,2111888.0,-0.479,-0.012,0.769,-31.93,-0.74
1776308690.5567005,0.20050686777059556,0.5223382486251844,0.5595,47,69.0,2227440.0,-0.482,-0.01,0.769,-32.09,-0.65
1776308690.6546452,0.20343066940140214,0.5273741795413361,0.56525,47,68.90625,2285204.0,-0.479,-0.012,0.77,-31.86,-0.74
1776308690.7513077,0.20852533245699675,0.5272629189727824,0.567,47,68.421875,2400728.0,-0.479,-0.012,0.768,-31.97,-0.74
1776308690.8525093,0.19915176016767328,0.5239263559147579,0.5605,47,69.1875,2516288.0,-0.48,-0.011,0.772,-31.9,-0.68
1776308690.9516394,0.20003034353606655,0.5284059629346012,0.565,47,69.265625,2631832.0,-0.479,-0.01,0.77,-31.92,-0.65
1776308691.0525064,0.20072244549192916,0.525468124509698,0.5625,47,69.09375,2689600.0,-0.478,-0.009,0.772,-31.75,-0.59
1776308691.1520383,0.1992447047709442,0.5276339143958994,0.564,47,69.3125,2805132.0,-0.479,-0.01,0.769,-31.89,-0.62
1776308691.2529902,0.19995124627722416,0.5295049566455302,0.566,47,69.3125,2920668.0,-0.48,-0.011,0.771,-31.9,-0.68
1776308691.3528914,0.20118723976932704,0.5236837734301105,0.561,47,68.984375,3036192.0,-0.48,-0.012,0.77,-31.98,-0.77
1776308691.4544876,0.2046104084850616,0.5223557989910482,0.561,47,68.609375,3093960.0,-0.479,-0.009,0.771,-31.84,-0.56
1776308691.55499,0.20430928909793664,0.5262299539063656,0.5645,47,68.78125,3209520.0,-0.479,-0.012,0.768,-31.94,-0.74
1776308691.65622,0.1983615278880943,0.5252951115838609,0.5615,47,69.3125,3325068.0,-0.482,-0.011,0.77,-32.06,-0.71
1776308691.7578325,0.20524614157727095,0.5269385840566648,0.5655,47,68.71875,3440604.0,-0.482,-0.011,0.77,-32.04,-0.71
1776308691.858335,0.20247194586621273,0.5231884088329456,0.561,47,68.84375,3498380.0,-0.48,-0.01,0.771,-31.93,-0.65
1776308691.958681,0.20283729210538393,0.5262632734015885,0.564,47,68.921875,3613908.0,-0.479,-0.012,0.768,-31.97,-0.77
1776308692.061585,0.20097031276083246,0.5269790635203766,0.564,47,69.125,3729448.0,-0.48,-0.01,0.771,-31.92,-0.65
1776308692.1615274,0.20269376852012916,0.5263185691224548,0.564,47,68.9375,3787216.0,-0.479,-0.011,0.773,-31.74,-0.68
1776308692.2634528,0.2029058869448,0.5294508485621153,0.567,47,69.03125,3902772.0,-0.479,-0.011,0.769,-31.89,-0.68
1776308692.3641527,0.20745635993787992,0.521232058416714,0.561,47,68.296875,4018324.0,-0.477,-0.011,0.771,-31.73,-0.68
1776308692.4644358,0.199432149406011,0.5259591883248153,0.5625,47,69.234375,4133856.0,-0.481,-0.011,0.769,-32.05,-0.71
1776308692.566514,0.19842775481240407,0.5263389365419477,0.5625,47,69.34375,4191632.0,-0.479,-0.01,0.77,-31.88,-0.62
1776308692.6659086,0.20478161707986736,0.528728180926792,0.567,47,68.828125,4307172.0,-0.479,-0.011,0.769,-31.93,-0.71
1776308692.767495,0.20304253531256417,0.5229672349716052,0.561,47,68.78125,4422728.0,-0.48,-0.01,0.771,-31.94,-0.65
1776308692.8655622,0.2024066761375999,0.5264290431339523,0.564,47,68.96875,4538252.0,-0.48,-0.01,0.768,-32.04,-0.62
1776308692.9662032,0.2031946273921853,0.5293401018239133,0.567,47,69.0,4596020.0,-0.48,-0.013,0.767,-32.07,-0.8
1776308693.0679252,0.2013945017397594,0.5289577059359226,0.566,47,69.15625,4711548.0,-0.479,-0.01,0.772,-31.82,-0.65
1776308693.1686797,0.20499513563841992,0.5318618188633075,0.57,47,68.921875,4827080.0,-0.479,-0.009,0.77,-31.91,-0.59
1776308693.2682054,0.2021546893485331,0.5249187856939377,0.5625,47,68.9375,4942600.0,-0.479,-0.012,0.773,-31.78,-0.77
1776308693.368079,0.2013300448815489,0.5236288886491974,0.561,47,68.96875,5000376.0,-0.479,-0.01,0.769,-31.94,-0.65
1776308693.4685585,0.20179296520121945,0.5282706211737498,0.5655,47,69.09375,5115920.0,-0.479,-0.01,0.769,-31.96,-0.62
1776308693.5676074,0.20183820402533806,0.5186073557093324,0.5565,47,68.734375,5231460.0,-0.48,-0.011,0.772,-31.88,-0.71
1776308693.6680937,0.2093877848632232,0.5269210145269142,0.567,47,68.328125,5347008.0,-0.478,-0.012,0.769,-31.88,-0.74
1776308693.7689407,0.197755452861844,0.5249893149992741,0.561,47,69.359375,5404796.0,-0.481,-0.013,0.77,-31.99,-0.83
1776308693.869819,0.2013300448815489,0.5236288886491974,0.561,47,68.96875,5520336.0,-0.479,-0.01,0.769,-31.94,-0.65
1776308693.9690676,0.2021195235435494,0.5265393605444217,0.564,47,69.0,5635876.0,-0.479,-0.009,0.771,-31.83,-0.59
1776308694.0693135,0.20247194586621273,0.5231884088329456,0.561,47,68.84375,5693648.0,-0.479,-0.011,0.768,-31.95,-0.71
1776308694.1705954,0.20845098929206324,0.5208350843243571,0.561,47,68.1875,5809184.0,-0.48,-0.011,0.771,-31.92,-0.68
1776308694.2710671,0.1989242997268381,0.5272204216247576,0.5635,47,69.328125,5924732.0,-0.48,-0.009,0.773,-31.82,-0.58
1776308694.370858,0.2015170264793473,0.5358611182376662,0.5725,47,69.390625,6040268.0,-0.482,-0.011,0.773,-31.94,-0.71
1776308694.4707742,0.20160259888940252,0.5347603595266189,0.5715,47,69.34375,6098052.0,-0.478,-0.01,0.77,-31.8,-0.62
1776308694.5716155,0.20118723976932704,0.5236837734301105,0.561,47,68.984375,6213564.0,-0.48,-0.012,0.769,-32.01,-0.74
1776308694.6705475,0.2032203248136065,0.5320072833924854,0.5695,47,69.09375,6329096.0,-0.478,-0.013,0.771,-31.79,-0.8
1776308694.773083,0.20402224480721687,0.5263413090607881,0.5645,47,68.8125,6444636.0,-0.481,-0.011,0.773,-31.91,-0.71
1776308694.8728855,0.2066150665658226,0.5245229039498663,0.56375,47,68.5,6502412.0,-0.48,-0.013,0.771,-31.92,-0.83
1776308694.9729726,0.20532942027720363,0.5370892190024181,0.575,47,69.078125,6617952.0,-0.482,-0.011,0.773,-31.94,-0.71
1776308695.072278,0.20318591029169,0.5363000427549277,0.5735,47,69.25,6733504.0,-0.48,-0.009,0.767,-32.06,-0.56
1776308695.1725314,0.2061510031219207,0.5335595223701155,0.572,47,68.875,6849036.0,-0.482,-0.011,0.771,-32.03,-0.71
1776308695.2725532,0.20552401906422976,0.5354083745961452,0.5735,47,69.0,6906792.0,-0.478,-0.013,0.769,-31.86,-0.8
1776308695.5202715,0.008776251625542053,-0.1973049097397355,0.1975,47,272.546875,7195624.0,-0.478,-0.012,0.768,-31.89,-0.77
1776308697.229876,0.3131086817854398,0.8117037349862228,0.87,47,68.90625,8870948.0,-0.478,-0.011,0.771,-31.81,-0.71
1776308697.3422773,0.30474040317752815,0.7572300503619739,0.81625,47,68.078125,8986496.0,-0.481,-0.012,0.77,-31.99,-0.77
1776308697.4530215,0.21028945365927615,0.5217131354295033,0.5625,47,68.046875,9102040.0,-0.479,-0.011,0.771,-31.84,-0.68
1776308697.560639,0.20942289738883638,0.5236774293868935,0.564,47,68.203125,9217604.0,-0.479,-0.01,0.772,-31.8,-0.65
1776308697.658717,0.21014717065454044,0.5217704635813447,0.5625,47,68.0625,9275360.0,-0.48,-0.011,0.771,-31.92,-0.68
1776308697.753762,0.20389796626496542,0.5226343074780023,0.561,47,68.6875,9390912.0,-0.48,-0.01,0.77,-31.93,-0.65
1776308697.8456614,0.20377192686332132,0.5291181359794892,0.567,47,68.9375,9506448.0,-0.479,-0.008,0.772,-31.79,-0.52
1776308697.9382582,0.20401435716846839,0.5241988096792443,0.5625,47,68.734375,9564212.0,-0.478,-0.011,0.771,-31.79,-0.71
1776308698.0332804,0.20662387490487136,0.5296213971501681,0.5685,47,68.6875,9679752.0,-0.479,-0.01,0.771,-31.87,-0.62
1776308698.1284406,0.20475034005683798,0.5399847666801437,0.5775,47,69.234375,9795308.0,-0.479,-0.011,0.771,-31.88,-0.71
1776308698.225194,0.20882791402510478,0.529293776955599,0.569,47,68.46875,9853092.0,-0.479,-0.011,0.767,-31.97,-0.68
1776308698.325599,0.2043957940134495,0.5390497281231218,0.5765,47,69.234375,9968628.0,-0.48,-0.013,0.77,-31.96,-0.83
1776308698.4271898,0.20118769391321406,0.5327792805823842,0.5695,47,69.3125,10084200.0,-0.479,-0.009,0.77,-31.87,-0.59
1776308698.5290086,0.2016389364766362,0.5304695931875559,0.5675,47,69.1875,10199820.0,-0.478,-0.01,0.769,-31.86,-0.62
1776308698.6314929,0.20785103796263327,0.5243032958296714,0.564,47,68.375,10257648.0,-0.48,-0.012,0.769,-31.98,-0.74
1776308698.7331095,0.21270093100689436,0.5174925738102919,0.5595,47,67.65625,10373268.0,-0.481,-0.01,0.766,-32.12,-0.65
1776308698.8345406,0.2057687566018695,0.5369210545383004,0.575,47,69.03125,10488904.0,-0.48,-0.01,0.769,-32.01,-0.65
1776308698.9361138,0.20525524310207077,0.5347081892762723,0.57275,47,69.0,10604520.0,-0.479,-0.012,0.771,-31.85,-0.77
1776308699.0368364,0.2041663221201693,0.5305736168637895,0.5685,47,68.953125,10662348.0,-0.479,-0.012,0.77,-31.9,-0.77
1776308699.1390862,0.20315789296026165,0.5411200149023753,0.578,47,69.421875,10777968.0,-0.479,-0.01,0.776,-31.71,-0.64
1776308699.2400477,0.20373920402329046,0.5355551668539441,0.573,47,69.171875,10893596.0,-0.478,-0.011,0.767,-31.9,-0.68
1776308699.342128,0.20444891521559386,0.5326076333166536,0.5705,47,69.0,11009216.0,-0.477,-0.009,0.771,-31.7,-0.56
1776308699.444815,0.20283726047490191,0.538035357353991,0.575,47,69.34375,11067020.0,-0.479,-0.01,0.769,-31.91,-0.65
1776308699.5469124,0.20323783553239805,0.5346759600057832,0.572,47,69.1875,11182660.0,-0.479,-0.011,0.771,-31.88,-0.68
1776308699.6500769,0.2030920177278998,0.5347313646450995,0.572,47,69.203125,11298292.0,-0.48,-0.01,0.77,-31.93,-0.65
1776308699.748346,0.2076921098886416,0.5353756157969883,0.57425,47,68.796875,11413912.0,-0.479,-0.009,0.768,-31.99,-0.59
1776308699.8484209,0.20472442635138613,0.5268732976296064,0.56525,47,68.765625,11471708.0,-0.48,-0.013,0.771,-31.88,-0.8
1776308699.9493787,0.2072692884005392,0.5282950805051417,0.5675,47,68.578125,11587336.0,-0.48,-0.011,0.769,-31.97,-0.71
1776308700.0504768,0.20433471364057054,0.5380033222959,0.5755,47,69.203125,11702976.0,-0.479,-0.012,0.771,-31.84,-0.77
1776308700.1475284,0.20576866346213815,0.524049861308068,0.563,47,68.5625,11818628.0,-0.479,-0.011,0.77,-31.91,-0.68
1776308700.250169,0.20346462515325414,0.5335195838122962,0.571,47,69.125,11876440.0,-0.478,-0.012,0.77,-31.82,-0.74
1776308700.3515105,0.2060046997875254,0.5370983393806498,0.57525,47,69.015625,11992072.0,-0.478,-0.012,0.77,-31.82,-0.74
1776308700.45286,0.20428131127621918,0.5334751244090661,0.57125,47,69.046875,12107692.0,-0.48,-0.011,0.769,-31.99,-0.68
1776308700.552363,0.20445305286964263,0.5427697017817806,0.58,47,69.359375,12165512.0,-0.48,-0.011,0.77,-31.95,-0.68
1776308700.6525235,0.20936209610338652,0.5414312169751541,0.5805,47,68.859375,12281144.0,-0.479,-0.011,0.771,-31.88,-0.71
1776308700.7532587,0.20631705608117681,0.5423313884240858,0.58025,47,69.171875,12396776.0,-0.478,-0.01,0.77,-31.83,-0.65
1776308700.8530257,0.20627328479376725,0.5377985979717588,0.576,47,69.015625,12512404.0,-0.479,-0.011,0.771,-31.87,-0.71
1776308700.953022,0.21330349065503038,0.5372016575499179,0.578,47,68.34375,12570224.0,-0.479,-0.009,0.771,-31.82,-0.59
1776308701.0549214,0.21541679168601907,0.5315052735953824,0.5735,47,67.9375,12685860.0,-0.479,-0.01,0.769,-31.89,-0.62
1776308701.1556373,0.2100429303926446,0.5336517754042149,0.5735,47,68.515625,12801492.0,-0.481,-0.011,0.77,-32.0,-0.68
1776308701.2556503,0.20667159555487638,0.5446036187823229,0.5825,47,69.21875,12917096.0,-0.479,-0.01,0.77,-31.88,-0.62
1776308701.3555987,0.20954541307392463,0.5384104218527704,0.57775,47,68.734375,12974896.0,-0.48,-0.012,0.77,-31.95,-0.74
1776308701.4560206,0.20997165064868825,0.5492321056929076,0.588,47,69.078125,13090528.0,-0.479,-0.011,0.771,-31.86,-0.71
1776308701.555979,0.21190489720110653,0.5409781091155061,0.581,47,68.609375,13206172.0,-0.479,-0.011,0.769,-31.96,-0.68
1776308701.6547265,0.20747264493471204,0.5453690049900113,0.5835,47,69.171875,13321812.0,-0.479,-0.009,0.771,-31.86,-0.59
1776308701.7564664,0.20631011983374364,0.5463443368922078,0.584,47,69.3125,13379616.0,-0.478,-0.011,0.773,-31.72,-0.71
1776308701.8563483,0.21407894297114968,0.5395835951697895,0.5805,47,68.359375,13495248.0,-0.478,-0.012,0.768,-31.89,-0.77
1776308701.9557624,0.20513061882150407,0.5387705255690096,0.5765,47,69.15625,13610888.0,-0.476,-0.009,0.771,-31.69,-0.56
1776308702.055138,0.21415289062826645,0.5406299930965334,0.5815,47,68.390625,13668708.0,-0.481,-0.01,0.774,-31.84,-0.61
1776308702.1560962,0.20667262188226457,0.5432660396751398,0.58125,47,69.171875,13784348.0,-0.479,-0.012,0.77,-31.9,-0.77
1776308702.2545307,0.2118262021999949,0.5420827059236688,0.582,47,68.65625,13899972.0,-0.479,-0.012,0.771,-31.89,-0.74
1776308702.3536837,0.21260796932003598,0.5380149639012011,0.5785,47,68.4375,14015624.0,-0.48,-0.011,0.772,-31.88,-0.68
1776308702.4547067,0.21487904062795646,0.5322621514806487,0.574,47,68.015625,14073432.0,-0.478,-0.011,0.773,-31.73,-0.68
1776308702.554115,0.20583572432540048,0.5459889235061804,0.5835,47,69.34375,14189068.0,-0.479,-0.012,0.77,-31.91,-0.77
1776308702.6536114,0.20885403200900882,0.540555495128465,0.5795,47,68.875,14304712.0,-0.48,-0.012,0.772,-31.85,-0.77
1776308702.752818,0.21118595250424452,0.5439418566950653,0.5835,47,68.78125,14362516.0,-0.479,-0.012,0.772,-31.82,-0.77
1776308702.8527591,0.20605038173036097,0.5416303999857952,0.5795,47,69.171875,14478140.0,-0.478,-0.012,0.77,-31.8,-0.74
1776308702.9523392,0.20736993209316357,0.5491509002666541,0.587,47,69.3125,14593776.0,-0.477,-0.009,0.774,-31.65,-0.55
1776308703.0512483,0.2093292844962627,0.540907802358482,0.58,47,68.84375,14709400.0,-0.48,-0.01,0.77,-31.96,-0.65
1776308703.1510432,0.20542979197643504,0.5413313223604548,0.579,47,69.21875,14767212.0,-0.479,-0.012,0.771,-31.83,-0.74
1776308703.2498193,0.21149650993477792,0.5416746959988148,0.5815,47,68.671875,14882840.0,-0.479,-0.012,0.774,-31.75,-0.77
1776308703.3497584,0.20738425891277393,0.543797544271027,0.582,47,69.125,14998460.0,-0.477,-0.012,0.768,-31.86,-0.77
1776308703.4511943,0.2069052784365931,0.5407690872776252,0.579,47,69.0625,15114088.0,-0.48,-0.009,0.77,-31.93,-0.59
1776308703.5525272,0.2090145988987485,0.54317299035132,0.582,47,68.953125,15171900.0,-0.479,-0.013,0.769,-31.89,-0.8
1776308703.6503592,0.20879899476616381,0.5373594977151139,0.5765,47,68.765625,15287536.0,-0.478,-0.011,0.771,-31.77,-0.68
1776308703.7512362,0.20725151678982973,0.5390297383153502,0.5775,47,68.96875,15403184.0,-0.48,-0.01,0.768,-32.03,-0.62
1776308703.8492496,0.2089107017405116,0.5367795811115461,0.576,47,68.734375,15460984.0,-0.479,-0.011,0.771,-31.83,-0.68
1776308703.9495583,0.21300833815760364,0.5416192831457683,0.582,47,68.53125,15576624.0,-0.479,-0.01,0.77,-31.9,-0.65
1776308704.0494878,0.2069052784365931,0.5407690872776252,0.579,47,69.0625,15692244.0,-0.48,-0.01,0.771,-31.89,-0.62
1776308704.1475008,0.20307215262659117,0.5395497667755983,0.5765,47,69.375,15807880.0,-0.479,-0.011,0.768,-31.99,-0.68
1776308704.2482193,0.21084646152446873,0.5344099733936585,0.5745,47,68.46875,15865684.0,-0.478,-0.012,0.771,-31.79,-0.77
1776308704.3476672,0.20833467586966112,0.5445049704367108,0.583,47,69.0625,15981328.0,-0.482,-0.011,0.771,-32.05,-0.68
1776308704.4466772,0.21301213404518182,0.5394680998442053,0.58,47,68.453125,16096960.0,-0.481,-0.012,0.767,-32.08,-0.77
1776308704.5468683,0.2096388587816307,0.5434683053212354,0.5825,47,68.90625,16154772.0,-0.479,-0.011,0.772,-31.8,-0.68
1776308704.6464732,0.21197281924425065,0.5334262122371229,0.574,47,68.328125,16270392.0,-0.479,-0.01,0.769,-31.91,-0.62
1776308704.7473981,0.2093326032229649,0.5516156825434686,0.59,47,69.21875,16386016.0,-0.481,-0.012,0.769,-32.02,-0.74
1776308704.8463995,0.20752472169888111,0.5362448040622882,0.575,47,68.84375,16501648.0,-0.479,-0.01,0.771,-31.84,-0.62
1776308704.9442105,0.20565934409890055,0.5455210666736987,0.583,47,69.34375,16559488.0,-0.479,-0.009,0.768,-31.99,-0.59
1776308705.04434,0.2112836040503433,0.5342372962078722,0.5745,47,68.421875,16675112.0,-0.48,-0.011,0.767,-32.03,-0.68
1776308705.1455054,0.20847590147890638,0.5417730599638166,0.5805,47,68.953125,16790724.0,-0.479,-0.011,0.768,-31.96,-0.68
1776308705.2458434,0.2174591274779369,0.5382302275760201,0.5805,47,68.0,16906360.0,-0.48,-0.011,0.771,-31.92,-0.71
1776308705.345467,0.20907891403878737,0.5468969351755059,0.5855,47,69.078125,16964176.0,-0.48,-0.011,0.775,-31.76,-0.67
1776308705.4440408,0.21117544832950202,0.5391158781030603,0.579,47,68.609375,17079796.0,-0.478,-0.01,0.771,-31.78,-0.65
1776308705.5440168,0.20510207301028024,0.54359372664416,0.581,47,69.328125,17195436.0,-0.48,-0.01,0.771,-31.92,-0.65
1776308705.6426258,0.20716615619306059,0.5481589037206204,0.586,47,69.296875,17253248.0,-0.479,-0.012,0.769,-31.93,-0.74
1776308705.7440293,0.20708763253098936,0.5439105739482455,0.582,47,69.15625,17368872.0,-0.479,-0.012,0.771,-31.88,-0.74
1776308705.8427064,0.21245766557705337,0.535923492989017,0.5765,47,68.375,17484516.0,-0.48,-0.01,0.771,-31.92,-0.62
1776308705.942623,0.21341168494459675,0.5366206320382289,0.5775,47,68.3125,17600140.0,-0.479,-0.01,0.77,-31.9,-0.62
1776308706.0417583,0.20557133072826614,0.5386025231862638,0.5765,47,69.109375,17657948.0,-0.479,-0.012,0.771,-31.87,-0.77
1776308706.1423333,0.2023081197954022,0.5366317868565459,0.5735,47,69.34375,17773560.0,-0.48,-0.01,0.769,-31.98,-0.65
1776308706.242106,0.20457254958598522,0.5421903004996398,0.5795,47,69.328125,17889180.0,-0.48,-0.009,0.772,-31.9,-0.58
1776308706.340995,0.20493985696612463,0.5356322479338828,0.5735,47,69.0625,17946980.0,-0.481,-0.013,0.771,-31.96,-0.8
1776308706.4399827,0.20789983822287356,0.5505541819538773,0.5885,47,69.3125,18062600.0,-0.48,-0.011,0.768,-32.04,-0.71
1776308706.5397463,0.2122227439103987,0.5378982891468808,0.57825,47,68.46875,18178232.0,-0.479,-0.01,0.77,-31.87,-0.62
1776308706.6401398,0.20537800143962767,0.535464402668062,0.5735,47,69.015625,18293856.0,-0.479,-0.012,0.772,-31.83,-0.74
1776308706.7403684,0.21633530769768916,0.5354486760123197,0.5775,47,68.0,18351668.0,-0.478,-0.011,0.771,-31.77,-0.68
1776308706.839339,0.2129012456443838,0.5400493584877866,0.5805,47,68.484375,18467312.0,-0.479,-0.01,0.768,-31.99,-0.62
1776308706.9392374,0.20442592892468198,0.5395730159888287,0.577,47,69.25,18582936.0,-0.48,-0.01,0.772,-31.85,-0.62
1776308707.0380957,0.21231150721787723,0.5359814119005185,0.5765,47,68.390625,18698564.0,-0.481,-0.011,0.765,-32.15,-0.68
1776308707.1391504,0.20848221775263565,0.5471246794661548,0.5855,47,69.140625,18756380.0,-0.479,-0.013,0.768,-31.92,-0.83
1776308707.237305,0.20579402478933081,0.5481414683829424,0.5855,47,69.421875,18872036.0,-0.479,-0.01,0.77,-31.9,-0.62
1776308707.337755,0.20773697949110478,0.5420568211469277,0.5805,47,69.03125,18987660.0,-0.479,-0.013,0.772,-31.84,-0.8
1776308707.4362311,0.20631679453246457,0.5436686769475034,0.5815,47,69.21875,19045472.0,-0.48,-0.011,0.772,-31.9,-0.71
1776308707.5371492,0.20860102151453028,0.5438675057613707,0.5825,47,69.015625,19161096.0,-0.479,-0.012,0.767,-31.98,-0.74
1776308707.637543,0.21186624071821789,0.5340065037468459,0.5745,47,68.359375,19276732.0,-0.479,-0.011,0.77,-31.87,-0.68
1776308707.7364933,0.21190981181017166,0.5458062675149284,0.5855,47,68.78125,19392356.0,-0.48,-0.011,0.769,-32.01,-0.68
1776308707.8366902,0.20695749086241097,0.5391426963021341,0.5775,47,69.0,19450184.0,-0.48,-0.008,0.77,-31.98,-0.52
1776308707.9366536,0.20771244318888976,0.5345631776923119,0.5735,47,68.765625,19565804.0,-0.479,-0.01,0.767,-32.01,-0.62
1776308708.034936,0.2036605891851939,0.5393279284560922,0.5765,47,69.3125,19681424.0,-0.48,-0.013,0.768,-32.01,-0.8
1776308708.1351602,0.2116428233402421,0.5330192917039411,0.5735,47,68.34375,19739220.0,-0.48,-0.011,0.772,-31.9,-0.71
1776308708.2349215,0.20679694857050923,0.5499011475364697,0.5875,47,69.390625,19854828.0,-0.479,-0.011,0.772,-31.79,-0.71
1776308708.332529,0.2066313981354231,0.5387322760932375,0.577,47,69.015625,19970476.0,-0.481,-0.01,0.774,-31.84,-0.61
1776308708.4333076,0.2069052784365931,0.5407690872776252,0.579,47,69.0625,20086116.0,-0.48,-0.01,0.772,-31.85,-0.65
1776308708.5328276,0.2090145988987485,0.54317299035132,0.582,47,68.953125,20143916.0,-0.48,-0.013,0.77,-31.96,-0.8
1776308708.6337388,0.20693964600761824,0.5364708593299748,0.575,47,68.90625,20259544.0,-0.479,-0.011,0.77,-31.88,-0.68
1776308708.7323754,0.2080345326996837,0.5472950604604652,0.5855,47,69.1875,20375184.0,-0.477,-0.012,0.766,-31.91,-0.74
1776308708.8320217,0.2061099935158144,0.5426775475113292,0.5805,47,69.203125,20433008.0,-0.481,-0.012,0.767,-32.11,-0.74
1776308708.9310899,0.20498368432709765,0.5388264462326332,0.5765,47,69.171875,20548640.0,-0.481,-0.011,0.769,-32.04,-0.68
1776308709.0309167,0.20848221775263565,0.5471246794661548,0.5855,47,69.140625,20664268.0,-0.479,-0.009,0.772,-31.82,-0.59
1776308709.1298637,0.2106218742434001,0.5398691286693447,0.5795,47,68.6875,20779904.0,-0.478,-0.011,0.768,-31.89,-0.68
1776308709.2306802,0.21503314035186508,0.535164751315345,0.57675,47,68.109375,20837724.0,-0.479,-0.012,0.769,-31.93,-0.74
1776308709.3304722,0.20942450868907578,0.5355057190734187,0.575,47,68.640625,20953364.0,-0.48,-0.012,0.771,-31.88,-0.77
1776308709.4309568,0.21578331491930114,0.5332449001185456,0.57525,47,67.96875,21068988.0,-0.479,-0.009,0.77,-31.86,-0.59
1776308709.531824,0.20625346398992897,0.5399476906072985,0.578,47,69.09375,21184616.0,-0.478,-0.014,0.77,-31.8,-0.86
1776308709.6306653,0.21013341897309665,0.5416686683117983,0.581,47,68.796875,21242416.0,-0.478,-0.011,0.772,-31.76,-0.71
1776308709.7308958,0.20829543746293155,0.5343362805688249,0.5735,47,68.703125,21358056.0,-0.48,-0.013,0.771,-31.92,-0.83
1776308709.8315518,0.2113969744788407,0.5358052996949474,0.576,47,68.46875,21473684.0,-0.48,-0.011,0.768,-32.02,-0.71
1776308709.9310603,0.21095854909531522,0.535978069106936,0.576,47,68.515625,21531480.0,-0.481,-0.013,0.77,-32.0,-0.8
1776308710.0312822,0.2071045115272484,0.5390862373545255,0.5775,47,68.984375,21647096.0,-0.481,-0.009,0.769,-32.05,-0.56
1776308710.1321502,0.20524627686212676,0.5381913840208101,0.576,47,69.125,21762728.0,-0.478,-0.013,0.769,-31.86,-0.8
1776308710.232101,0.20590061518123773,0.5320481055957138,0.5705,47,68.84375,21878348.0,-0.478,-0.011,0.771,-31.81,-0.71
1776308710.3324087,0.20874933061013748,0.54381059843462,0.5825,47,69.0,21936172.0,-0.479,-0.011,0.77,-31.9,-0.68
1776308710.4325902,0.20728382279263996,0.5395529786855684,0.578,47,68.984375,22051804.0,-0.479,-0.01,0.771,-31.84,-0.62
1776308710.531359,0.21163490041988972,0.5359801595434885,0.57625,47,68.453125,22167440.0,-0.479,-0.011,0.772,-31.84,-0.71
1776308710.6338189,0.21147120781991952,0.5368509367256281,0.577,47,68.5,22283076.0,-0.478,-0.008,0.77,-31.83,-0.52
1776308710.7326243,0.21595923018734448,0.5404494526751689,0.582,47,68.21875,22340888.0,-0.479,-0.01,0.769,-31.91,-0.65
1776308710.8317232,0.20495270848427813,0.5383032484436244,0.576,47,69.15625,22456512.0,-0.477,-0.011,0.767,-31.87,-0.71
1776308710.9329693,0.20421953396978854,0.5412546830699596,0.5785,47,69.328125,22572156.0,-0.479,-0.011,0.768,-31.99,-0.71
1776308711.0328183,0.20980410165142832,0.5377730017676949,0.57725,47,68.6875,22629972.0,-0.48,-0.01,0.769,-31.97,-0.62
1776308711.1327567,0.2065792515310649,0.5403584577267807,0.5785,47,69.078125,22745580.0,-0.479,-0.015,0.769,-31.91,-0.93
1776308711.2319252,0.2032471547350735,0.5373461120098452,0.5745,47,69.28125,22861228.0,-0.48,-0.011,0.769,-31.99,-0.68
1776308711.3319347,0.2056948159292732,0.5406957487347412,0.5785,47,69.171875,22976860.0,-0.479,-0.011,0.771,-31.84,-0.71
1776308711.4321208,0.2092407812292613,0.5328926209571384,0.5725,47,68.5625,23034676.0,-0.479,-0.009,0.771,-31.83,-0.59
1776308711.5308928,0.20838099769377683,0.5367172647680957,0.57575,47,68.78125,23150316.0,-0.479,-0.01,0.771,-31.87,-0.62
1776308711.630023,0.20590266729200118,0.5416865713694954,0.5795,47,69.1875,23265952.0,-0.48,-0.01,0.771,-31.94,-0.65
1776308711.73051,0.2090238316806923,0.5340517650841738,0.5735,47,68.625,23381592.0,-0.478,-0.013,0.769,-31.86,-0.8
1776308711.8289666,0.20856196252025863,0.5371833674730615,0.57625,47,68.78125,23439400.0,-0.48,-0.009,0.769,-31.98,-0.59
1776308711.929974,0.20283726047490191,0.538035357353991,0.575,47,69.34375,23555016.0,-0.481,-0.011,0.77,-31.99,-0.68
1776308712.0282116,0.204332984927967,0.5433491338636948,0.5805,47,69.390625,23670652.0,-0.479,-0.012,0.769,-31.93,-0.74
1776308712.1280007,0.20821169298730333,0.5289991879987728,0.5685,47,68.515625,23728476.0,-0.479,-0.013,0.77,-31.88,-0.8
1776308712.226767,0.20295371345832255,0.5401284941506762,0.577,47,69.40625,23844096.0,-0.481,-0.01,0.769,-32.02,-0.62
1776308712.326489,0.2079467527476962,0.5430473257660777,0.5815,47,69.046875,23959720.0,-0.479,-0.011,0.768,-31.99,-0.71
1776308712.427289,0.20539303816041854,0.538135391769797,0.576,47,69.109375,24075352.0,-0.479,-0.012,0.772,-31.84,-0.77
1776308712.5278652,0.20904839271333883,0.5388717560829939,0.578,47,68.796875,24133168.0,-0.478,-0.012,0.769,-31.88,-0.74
1776308712.6275969,0.21077293473416794,0.5446382009954371,0.584,47,68.84375,24248804.0,-0.479,-0.01,0.77,-31.92,-0.62
1776308712.7299578,0.21059247845442983,0.5441719011658178,0.5835,47,68.84375,24364432.0,-0.479,-0.011,0.771,-31.82,-0.68
1776308712.8284602,0.20732391089712285,0.5454255640968086,0.5835,47,69.1875,24422248.0,-0.478,-0.01,0.768,-31.87,-0.65
1776308712.9304724,0.2106932405587491,0.5323200244052942,0.5725,47,68.40625,24537868.0,-0.48,-0.011,0.771,-31.93,-0.71
1776308713.0286865,0.20762560024175777,0.5511919902577048,0.589,47,69.359375,24653508.0,-0.478,-0.011,0.77,-31.85,-0.68
1776308713.1290424,0.20451471221448048,0.5411432180927969,0.5785,47,69.296875,24769152.0,-0.479,-0.011,0.772,-31.84,-0.71
1776308713.227777,0.21132479657638348,0.5369085865880244,0.577,47,68.515625,24826976.0,-0.478,-0.011,0.772,-31.74,-0.68
1776308713.3298733,0.20991242793181875,0.5455062076638257,0.5845,47,68.953125,24942612.0,-0.479,-0.011,0.771,-31.87,-0.71
1776308713.4294283,0.2087171252385192,0.5486402843687002,0.587,47,69.171875,25058248.0,-0.478,-0.012,0.772,-31.72,-0.77
1776308713.530008,0.20666340336970374,0.5392554939058583,0.5775,47,69.03125,25173892.0,-0.48,-0.012,0.772,-31.89,-0.74
1776308713.6303828,0.2095315107874377,0.5370742928004782,0.5765,47,68.6875,25231708.0,-0.481,-0.013,0.773,-31.91,-0.8
1776308713.7306116,0.20510207301028024,0.54359372664416,0.581,47,69.328125,25347332.0,-0.479,-0.012,0.771,-31.86,-0.77
1776308713.8296223,0.20327700050973463,0.5405411280039341,0.5775,47,69.390625,25462972.0,-0.479,-0.012,0.773,-31.81,-0.77
1776308713.9310281,0.20354278138090157,0.539906784683918,0.577,47,69.34375,25520800.0,-0.48,-0.009,0.766,-32.08,-0.59
1776308714.0296378,0.20578077237478856,0.5395929240833645,0.5775,47,69.125,25636412.0,-0.479,-0.01,0.769,-31.89,-0.65
1776308714.1307142,0.20289602760263054,0.5390818138122195,0.576,47,69.375,25752040.0,-0.479,-0.012,0.773,-31.81,-0.77
1776308714.2303932,0.20436067161054663,0.5438728857912355,0.581,47,69.40625,25867680.0,-0.48,-0.012,0.77,-31.93,-0.74
1776308714.33091,0.20879899476616381,0.5373594977151139,0.5765,47,68.765625,25925480.0,-0.482,-0.011,0.771,-32.01,-0.71
1776308714.4316645,0.20994223367583423,0.5398655582820611,0.57925,47,68.75,26041120.0,-0.479,-0.009,0.768,-31.99,-0.59
1776308714.5292673,0.20607405740493795,0.5346610915941671,0.573,47,68.921875,26156748.0,-0.48,-0.011,0.77,-31.93,-0.71
1776308714.6293187,0.20383623060334569,0.5384597047072507,0.57575,47,69.265625,26272388.0,-0.48,-0.011,0.773,-31.85,-0.68
1776308714.7291892,0.20536136423218707,0.5376122767205889,0.5755,47,69.09375,26330200.0,-0.479,-0.011,0.77,-31.87,-0.71
1776308714.8284028,0.205984612050772,0.5459327702183603,0.5835,47,69.328125,26445820.0,-0.479,-0.011,0.772,-31.83,-0.68
1776308714.9282105,0.20584226017040783,0.5406396340705499,0.5785,47,69.15625,26561452.0,-0.478,-0.011,0.769,-31.84,-0.68
1776308715.0269146,0.21003535776387305,0.5315048433354129,0.5715,47,68.4375,26619284.0,-0.479,-0.01,0.767,-31.98,-0.65
1776308715.1269672,0.20559869497623978,0.54581108373142,0.58325,47,69.359375,26734904.0,-0.48,-0.009,0.771,-31.92,-0.55
1776308715.2275589,0.20521474559257097,0.5376682603533302,0.5755,47,69.109375,26850528.0,-0.479,-0.01,0.769,-31.89,-0.65
1776308715.326357,0.20705488933886299,0.546062517300786,0.584,47,69.234375,26966156.0,-0.48,-0.01,0.771,-31.92,-0.65
1776308715.425935,0.2061392731806329,0.5418640627985587,0.57975,47,69.171875,27023976.0,-0.48,-0.009,0.772,-31.85,-0.58
1776308715.5256877,0.20685832660051856,0.5340900628321342,0.57275,47,68.828125,27139592.0,-0.48,-0.01,0.771,-31.93,-0.65
1776308715.6250465,0.21071273786473027,0.5401020316584167,0.57975,47,68.6875,27255228.0,-0.479,-0.012,0.769,-31.91,-0.77
1776308715.7244914,0.2086407796654765,0.5395658208787711,0.5785,47,68.859375,27370856.0,-0.478,-0.011,0.771,-31.8,-0.71
1776308715.8234496,0.20951556282328845,0.535738547646929,0.57525,47,68.640625,27428672.0,-0.477,-0.01,0.771,-31.76,-0.65
1776308715.9249787,0.2117951228101177,0.5291907273883841,0.57,47,68.1875,27544308.0,-0.478,-0.011,0.773,-31.71,-0.71
1776308716.0238285,0.2078959656034941,0.5328820389971788,0.572,47,68.6875,27659944.0,-0.479,-0.011,0.769,-31.94,-0.68
1776308716.121808,0.2067132011618042,0.5376296610729726,0.576,47,68.96875,27717764.0,-0.479,-0.011,0.775,-31.7,-0.71
1776308716.2224078,0.20587259882981707,0.5411630743602682,0.579,47,69.171875,27833392.0,-0.478,-0.012,0.771,-31.81,-0.74
1776308716.3216321,0.20635432407645382,0.5366962762447209,0.575,47,68.96875,27949028.0,-0.477,-0.011,0.772,-31.71,-0.68
1776308716.4214897,0.21374291629963382,0.5370269692778266,0.578,47,68.296875,28064680.0,-0.479,-0.011,0.771,-31.83,-0.71
1776308716.519225,0.20537800143962767,0.535464402668062,0.5735,47,69.015625,28122508.0,-0.48,-0.013,0.769,-32.01,-0.83
1776308716.6197324,0.20407163788668428,0.5386378807791427,0.576,47,69.25,28238128.0,-0.479,-0.011,0.775,-31.69,-0.71
1776308716.721088,0.20814975081009882,0.5322461190442762,0.5715,47,68.640625,28353768.0,-0.479,-0.011,0.77,-31.91,-0.71
1776308716.8214378,0.20955143628289877,0.5362613710232859,0.57575,47,68.65625,28411580.0,-0.481,-0.011,0.771,-31.97,-0.71
1776308716.9206517,0.2101544964311358,0.5352196629700516,0.575,47,68.5625,28527232.0,-0.479,-0.011,0.77,-31.88,-0.68
1776308717.0210214,0.20634576462451298,0.5415179363802506,0.5795,47,69.140625,28642872.0,-0.478,-0.011,0.773,-31.72,-0.71
1776308717.1215029,0.20401058788678783,0.5375915550211771,0.575,47,69.21875,28758504.0,-0.48,-0.012,0.768,-32.02,-0.74
1776308717.2208676,0.20562232644871076,0.5369771492957776,0.575,47,69.046875,28816312.0,-0.478,-0.01,0.769,-31.88,-0.65
1776308717.3205543,0.20541089789473582,0.5359872787912773,0.574,47,69.03125,28931940.0,-0.48,-0.012,0.771,-31.9,-0.77
1776308717.4208727,0.2043873492570672,0.5363784218848383,0.574,47,69.140625,29047580.0,-0.48,-0.012,0.77,-31.95,-0.74
1776308717.5214717,0.20629650124226886,0.5335032835655265,0.572,47,68.859375,29163224.0,-0.478,-0.01,0.767,-31.93,-0.62
1776308717.621609,0.20693634617502524,0.5412925259337414,0.5795,47,69.078125,29221044.0,-0.48,-0.011,0.773,-31.82,-0.71
1776308717.7219203,0.20439604177788687,0.5417224917847996,0.579,47,69.328125,29336684.0,-0.479,-0.012,0.768,-31.96,-0.74
1776308717.8215787,0.2050198880979718,0.5345307245465831,0.5725,47,69.015625,29452320.0,-0.48,-0.012,0.769,-31.97,-0.74
1776308717.920714,0.20756903663481324,0.532472858491863,0.5715,47,68.703125,29510128.0,-0.479,-0.01,0.769,-31.94,-0.62
1776308718.0203226,0.20371734684868656,0.5377027455694567,0.575,47,69.25,29625752.0,-0.479,-0.01,0.77,-31.87,-0.65
1776308718.119481,0.21140301809936157,0.5298858499134328,0.5705,47,68.25,29741384.0,-0.479,-0.01,0.771,-31.88,-0.62
1776308718.2195513,0.20415718565304614,0.537535899774357,0.575,47,69.203125,29857012.0,-0.479,-0.009,0.771,-31.89,-0.59
1776308718.3188612,0.20610620843180888,0.5400039174356642,0.578,47,69.109375,29914820.0,-0.479,-0.009,0.769,-31.96,-0.59
1776308718.4192157,0.20415718565304614,0.537535899774357,0.575,47,69.203125,30030456.0,-0.479,-0.01,0.767,-31.95,-0.65
1776308718.5185852,0.20650067760615187,0.5366399818763041,0.575,47,68.953125,30146084.0,-0.48,-0.012,0.768,-32.0,-0.74
1776308718.6177108,0.20762616222882266,0.5378137472751423,0.5765,47,68.890625,30203884.0,-0.481,-0.01,0.773,-31.9,-0.64
1776308718.717235,0.20714214364420125,0.5409461108340508,0.57925,47,69.046875,30319516.0,-0.478,-0.011,0.771,-31.8,-0.68
1776308718.8164313,0.20709432466702438,0.5342667317835812,0.573,47,68.8125,30435152.0,-0.48,-0.01,0.773,-31.84,-0.61
1776308718.9153123,0.20847148010701771,0.5369503161205785,0.576,47,68.78125,30550780.0,-0.479,-0.01,0.771,-31.85,-0.65
1776308719.0139256,0.20505303918760212,0.5350535030442541,0.573,47,69.03125,30608604.0,-0.481,-0.015,0.771,-31.97,-0.95
1776308719.113844,0.20263096369690337,0.5370444046363989,0.574,47,69.328125,30724244.0,-0.477,-0.01,0.77,-31.78,-0.65
1776308719.215361,0.20590266729200118,0.5416865713694954,0.5795,47,69.1875,30839876.0,-0.479,-0.011,0.769,-31.93,-0.71
1776308719.3158307,0.21139288992990674,0.540104662160106,0.58,47,68.625,30897700.0,-0.479,-0.011,0.772,-31.82,-0.68
1776308719.4159954,0.20539852687400717,0.543481779968738,0.581,47,69.296875,31013336.0,-0.479,-0.011,0.769,-31.96,-0.68
1776308719.515742,0.2102584197580793,0.5389375167130559,0.5785,47,68.6875,31128980.0,-0.478,-0.013,0.77,-31.83,-0.8
1776308719.6152651,0.2076709520651212,0.5361881905342247,0.575,47,68.828125,31244612.0,-0.479,-0.009,0.77,-31.93,-0.59
1776308719.7151608,0.21197402444702976,0.5420249191317038,0.582,47,68.640625,31302408.0,-0.476,-0.01,0.761,-32.04,-0.62
1776308719.8155417,0.20575205273781785,0.5444172047191145,0.582,47,69.296875,31418048.0,-0.479,-0.011,0.769,-31.91,-0.68
1776308719.915044,0.2078722603491346,0.5393265461455996,0.578,47,68.921875,31533684.0,-0.481,-0.011,0.772,-31.95,-0.71
1776308720.015451,0.2142209393328804,0.5373747660165468,0.5785,47,68.265625,31649328.0,-0.479,-0.011,0.768,-31.97,-0.68
1776308720.2518697,0.19402294473715034,0.5555963885011536,0.5885,47,70.75,31880596.0,-0.479,-0.01,0.768,-31.96,-0.62
1776308721.9572916,0.3594279608070261,0.9235218140304553,0.991,47,68.734375,33557252.0,-0.481,-0.01,0.771,-31.98,-0.65
1776308722.0713546,0.3509174986649391,0.8671892291367221,0.9355,47,67.96875,33672892.0,-0.479,-0.01,0.768,-31.94,-0.62
1776308722.180356,0.21439577458886025,0.527332925520911,0.56925,47,67.875,33788528.0,-0.481,-0.011,0.771,-31.95,-0.68
1776308722.2864592,0.2102477302025292,0.5410879244121832,0.5805,47,68.765625,33904164.0,-0.48,-0.011,0.769,-31.98,-0.68
1776308722.3869126,0.20839096266059218,0.5428770180081228,0.5815,47,69.0,34019800.0,-0.479,-0.011,0.768,-31.99,-0.68
1776308722.4800777,0.20949756980096185,0.5344031888448001,0.574,47,68.59375,34077612.0,-0.481,-0.011,0.773,-31.9,-0.68
1776308722.5727634,0.20551056866034767,0.5455771312737554,0.583,47,69.359375,34193256.0,-0.481,-0.012,0.77,-32.03,-0.74
1776308722.6662972,0.20741273862244294,0.5456592511422657,0.58375,47,69.1875,34251084.0,-0.48,-0.01,0.77,-31.93,-0.62
1776308722.7603235,0.20557528980591253,0.5439494923439263,0.5815,47,69.296875,34366712.0,-0.481,-0.013,0.769,-32.03,-0.83
1776308722.8560112,0.21257079746057164,0.5374920055842474,0.578,47,68.421875,34482336.0,-0.479,-0.011,0.771,-31.89,-0.68
1776308722.9554422,0.21257079746057164,0.5374920055842474,0.578,47,68.421875,34540164.0,-0.479,-0.01,0.771,-31.82,-0.65
1776308723.0558834,0.20695749086241097,0.5391426963021341,0.5775,47,69.0,34655796.0,-0.479,-0.01,0.771,-31.89,-0.62
1776308723.1564283,0.2102477302025292,0.5410879244121832,0.5805,47,68.765625,34771432.0,-0.48,-0.01,0.767,-32.03,-0.62
1776308723.2573807,0.20436713069147383,0.5411989707057231,0.5785,47,69.3125,34887052.0,-0.477,-0.01,0.77,-31.78,-0.62
1776308723.3589997,0.2055917599937427,0.5471492284767249,0.5845,47,69.40625,34944856.0,-0.479,-0.011,0.772,-31.84,-0.71
1776308723.4587712,0.2079261979398538,0.551078666081601,0.589,47,69.328125,35060508.0,-0.48,-0.011,0.772,-31.87,-0.71
1776308723.5614126,0.21283196547909253,0.5255392986925966,0.567,47,67.953125,35176148.0,-0.483,-0.013,0.769,-32.12,-0.83
1776308723.6635985,0.20838153604919687,0.5273197658288349,0.567,47,68.4375,35291788.0,-0.479,-0.009,0.772,-31.84,-0.58
1776308723.7638092,0.20622816463090482,0.5420977256113222,0.58,47,69.171875,35349604.0,-0.48,-0.01,0.772,-31.87,-0.62
1776308723.86686,0.20578459299884685,0.5422662641952742,0.58,47,69.21875,35465232.0,-0.479,-0.01,0.77,-31.92,-0.62
1776308723.9667084,0.20667159822922487,0.5419288241876213,0.58,47,69.125,35580856.0,-0.481,-0.011,0.771,-31.98,-0.71
1776308724.06864,0.20506415068665867,0.5457450816115151,0.583,47,69.40625,35696492.0,-0.479,-0.012,0.77,-31.92,-0.77
1776308724.1707463,0.20648086701571808,0.531823186365955,0.5705,47,68.78125,35754312.0,-0.478,-0.011,0.769,-31.84,-0.71
1776308724.2710364,0.20782261418590567,0.5318371564989947,0.571,47,68.65625,35869968.0,-0.477,-0.01,0.772,-31.69,-0.65
1776308724.3727436,0.2066313981354231,0.5387322760932375,0.577,47,69.015625,35985616.0,-0.477,-0.013,0.768,-31.84,-0.8
1776308724.4753203,0.21068041163743287,0.5264055130337084,0.567,47,68.1875,36101256.0,-0.48,-0.01,0.768,-32.0,-0.65
1776308724.5764399,0.2052785808183786,0.544061535359,0.5815,47,69.328125,36159056.0,-0.481,-0.01,0.77,-31.99,-0.65
1776308724.677578,0.20587329325444984,0.5424999996539792,0.58025,47,69.21875,36274672.0,-0.479,-0.011,0.771,-31.87,-0.68
1776308724.7785213,0.20360093568326335,0.5382814403162157,0.5755,47,69.28125,36390316.0,-0.48,-0.01,0.769,-31.98,-0.62
1776308724.8798108,0.20354278138090157,0.539906784683918,0.577,47,69.34375,36505956.0,-0.481,-0.011,0.771,-31.94,-0.68
1776308724.9815404,0.21536968595202655,0.5428368984998398,0.584,47,68.359375,36563776.0,-0.479,-0.012,0.771,-31.85,-0.77
1776308725.0802207,0.2057032030390024,0.5358751648093938,0.574,47,69.0,36679432.0,-0.479,-0.011,0.77,-31.92,-0.71
1776308725.180633,0.20684899606608226,0.5450710896997325,0.583,47,69.21875,36795076.0,-0.479,-0.011,0.771,-31.87,-0.68
1776308725.2815702,0.21153051045670207,0.5421981585600665,0.582,47,68.6875,36910728.0,-0.481,-0.01,0.771,-31.94,-0.65
1776308725.3823087,0.2102315658949535,0.543239301506579,0.5825,47,68.84375,36968548.0,-0.482,-0.01,0.768,-32.12,-0.62
1776308725.4825828,0.21225741942734364,0.544061382472644,0.584,47,68.6875,37084172.0,-0.479,-0.013,0.771,-31.89,-0.8
1776308725.5838683,0.20583572432540048,0.5459889235061804,0.5835,47,69.34375,37199788.0,-0.479,-0.01,0.771,-31.84,-0.65
1776308725.6845946,0.21086002000806103,0.5400445485903919,0.57975,47,68.671875,37257620.0,-0.479,-0.01,0.77,-31.9,-0.65
1776308725.786179,0.2077700667099281,0.5452557651041867,0.5835,47,69.140625,37373244.0,-0.479,-0.01,0.764,-32.05,-0.65
1776308725.8862872,0.2085701466353648,0.5433438082213714,0.582,47,69.0,37488884.0,-0.479,-0.009,0.771,-31.89,-0.55
1776308725.9860032,0.20858809838094047,0.5261625273751667,0.566,47,68.375,37604512.0,-0.479,-0.012,0.772,-31.84,-0.74
1776308726.086679,0.21317625041688903,0.5334848978726537,0.5745,47,68.21875,37662328.0,-0.479,-0.01,0.767,-32.0,-0.62
1776308726.1882505,0.2090014378844315,0.5404985189269625,0.5795,47,68.859375,37777960.0,-0.48,-0.011,0.768,-32.02,-0.68
1776308726.289418,0.2096388587816307,0.5434683053212354,0.5825,47,68.90625,37893584.0,-0.478,-0.009,0.769,-31.85,-0.59
1776308726.3889005,0.20772517412169264,0.5393832144552817,0.578,47,68.9375,38009208.0,-0.479,-0.01,0.77,-31.9,-0.65
1776308726.4912925,0.20619738411467056,0.5442486920372588,0.582,47,69.25,38067008.0,-0.48,-0.011,0.771,-31.92,-0.71
1776308726.5914693,0.20430502779431547,0.5428254375192488,0.58,47,69.375,38182648.0,-0.48,-0.015,0.771,-31.88,-0.92
1776308726.6906328,0.2118122392646854,0.5442348530714287,0.584,47,68.734375,38298292.0,-0.479,-0.011,0.771,-31.89,-0.71
1776308726.7901855,0.2127029155972935,0.5293653933687115,0.5705,47,68.109375,38413956.0,-0.479,-0.009,0.771,-31.85,-0.59
1776308726.890618,0.21146945900248842,0.5390006195814573,0.579,47,68.578125,38471776.0,-0.475,-0.014,0.769,-31.72,-0.87
1776308726.9897542,0.2132956201337707,0.5436552017885511,0.584,47,68.578125,38587400.0,-0.479,-0.011,0.771,-31.85,-0.71
1776308727.0924678,0.2090014378844315,0.5404985189269625,0.5795,47,68.859375,38703020.0,-0.479,-0.012,0.772,-31.77,-0.74
1776308727.19229,0.21028112837183557,0.5416113431702364,0.581,47,68.78125,38818676.0,-0.479,-0.012,0.769,-31.91,-0.74
1776308727.587952,0.16510129299294413,0.5601763678093338,0.584,47,73.578125,39165608.0,-0.481,-0.01,0.77,-32.03,-0.65
1776308729.9486349,0.20905031872058355,0.5302810238381366,0.57,47,68.484375,41536084.0,-0.48,-0.011,0.768,-32.03,-0.68
1776308730.0656548,0.20770573816039065,0.5415333104576737,0.58,47,69.015625,41651712.0,-0.479,-0.011,0.769,-31.94,-0.68
1776308730.1783018,0.21264193068163015,0.5363883008753908,0.577,47,68.375,41767360.0,-0.479,-0.011,0.772,-31.79,-0.68
1776308730.285441,0.20767267807795695,0.5297481088025979,0.569,47,68.59375,41882996.0,-0.479,-0.01,0.769,-31.94,-0.65
1776308730.386275,0.20980498336685457,0.5412597518331045,0.5805,47,68.8125,41998628.0,-0.479,-0.011,0.767,-32.0,-0.71
1776308730.482948,0.20521297194316065,0.5456891387468286,0.583,47,69.390625,42056432.0,-0.48,-0.01,0.773,-31.86,-0.65
1776308730.578344,0.20589015300996105,0.5470370141896569,0.5845,47,69.375,42172052.0,-0.479,-0.011,0.77,-31.92,-0.68
1776308730.6736004,0.21011544548964994,0.5438202824156947,0.583,47,68.875,42287688.0,-0.48,-0.01,0.772,-31.9,-0.62
1776308730.7698276,0.2074950427867289,0.5405430669418798,0.579,47,69.0,42345492.0,-0.48,-0.01,0.772,-31.87,-0.62
1776308730.8678026,0.20853900165038086,0.5428201680028686,0.5815,47,68.984375,42461092.0,-0.479,-0.012,0.772,-31.79,-0.74
1776308730.965721,0.20711701115644304,0.5430967742397499,0.58125,47,69.125,42576728.0,-0.48,-0.01,0.77,-31.95,-0.62
1776308731.064567,0.20773697949110478,0.5420568211469277,0.5805,47,69.03125,42634540.0,-0.478,-0.01,0.766,-31.96,-0.65
1776308731.164494,0.2090145988987485,0.54317299035132,0.582,47,68.953125,42750164.0,-0.483,-0.011,0.768,-32.16,-0.71
1776308731.2665308,0.2086941315772428,0.5357907795447963,0.575,47,68.71875,42865796.0,-0.479,-0.012,0.768,-31.95,-0.74
1776308731.3689075,0.20833185907852408,0.5327117761912965,0.572,47,68.640625,42981424.0,-0.478,-0.009,0.767,-31.93,-0.56
1776308731.4664783,0.21053423531499033,0.5444624856317763,0.58375,47,68.859375,43039236.0,-0.479,-0.011,0.767,-31.95,-0.68
1776308731.5685363,0.20934407579253383,0.5489365245003924,0.5875,47,69.125,43154864.0,-0.478,-0.011,0.77,-31.83,-0.68
1776308731.6770165,0.2097527726804506,0.5359141949536914,0.5755,47,68.625,43270508.0,-0.477,-0.01,0.771,-31.76,-0.65
1776308731.7710147,0.21121844523285446,0.5444655805406028,0.584,47,68.796875,43386148.0,-0.476,-0.01,0.77,-31.71,-0.65
1776308731.8714345,0.20562899415950966,0.5383129008866018,0.57625,47,69.09375,43443956.0,-0.481,-0.011,0.77,-31.99,-0.68
1776308731.9721987,0.20936209610338652,0.5414312169751541,0.5805,47,68.859375,43559592.0,-0.479,-0.011,0.77,-31.87,-0.68
1776308732.0724785,0.2069671437961225,0.5418160217166664,0.58,47,69.09375,43675224.0,-0.481,-0.009,0.768,-32.05,-0.59
1776308732.1722884,0.21131430357338243,0.5460371004842953,0.5855,47,68.84375,43790828.0,-0.481,-0.012,0.768,-32.05,-0.74
1776308732.2725835,0.2076709520651212,0.5361881905342247,0.575,47,68.828125,43848644.0,-0.478,-0.011,0.769,-31.86,-0.71
1776308732.3740332,0.20407192206040134,0.5413103551813632,0.5785,47,69.34375,43964284.0,-0.479,-0.009,0.771,-31.83,-0.55
1776308732.4749978,0.20666339058688363,0.5472798580170233,0.585,47,69.3125,44079904.0,-0.48,-0.012,0.77,-31.96,-0.74
1776308732.5770397,0.20740943538225143,0.5469975558578078,0.585,47,69.234375,44195528.0,-0.479,-0.011,0.768,-31.97,-0.68
1776308732.6773834,0.20999877831207678,0.5395753080965021,0.579,47,68.734375,44253360.0,-0.48,-0.009,0.771,-31.93,-0.59
1776308732.7782538,0.21263367111609882,0.5476706783347915,0.5875,47,68.78125,44368984.0,-0.481,-0.011,0.768,-32.08,-0.68
1776308732.8787735,0.2094100681332581,0.539804060159262,0.579,47,68.796875,44484620.0,-0.48,-0.011,0.772,-31.85,-0.68
1776308732.9792082,0.21047584934126168,0.5447530787834746,0.584,47,68.875,44542436.0,-0.48,-0.011,0.772,-31.87,-0.68
1776308733.0792375,0.2093292844962627,0.540907802358482,0.58,47,68.84375,44658084.0,-0.48,-0.01,0.771,-31.93,-0.65
1776308733.1787636,0.20913718208521784,0.5479451515156005,0.5865,47,69.109375,44773716.0,-0.48,-0.012,0.771,-31.9,-0.74
1776308733.2798176,0.21026374165077405,0.5437629620956327,0.583,47,68.859375,44889348.0,-0.479,-0.011,0.768,-31.92,-0.68
1776308733.3814995,0.21013628190401357,0.5360324668595708,0.57575,47,68.59375,44947168.0,-0.48,-0.009,0.773,-31.82,-0.58
1776308733.481159,0.20945474002629422,0.5381774446040242,0.5775,47,68.734375,45062796.0,-0.479,-0.011,0.77,-31.92,-0.71
1776308733.581995,0.20548643949595594,0.5397050798197798,0.5775,47,69.15625,45178432.0,-0.478,-0.009,0.768,-31.87,-0.56
1776308733.6826794,0.21448118324549342,0.5431885694983033,0.584,47,68.453125,45294060.0,-0.478,-0.011,0.774,-31.68,-0.71
1776308733.782969,0.21125095467338517,0.5380121133855476,0.578,47,68.5625,45351876.0,-0.479,-0.011,0.771,-31.85,-0.71
1776308733.882399,0.2055179016330737,0.5429020557230726,0.5805,47,69.265625,45467496.0,-0.479,-0.013,0.77,-31.91,-0.83
1776308733.9839687,0.21207569218468328,0.5435955764944997,0.5835,47,68.6875,45583116.0,-0.478,-0.01,0.771,-31.79,-0.65
1776308734.082803,0.20439604177788687,0.5417224917847996,0.579,47,69.328125,45698760.0,-0.479,-0.014,0.77,-31.85,-0.86
1776308734.1829667,0.20720019143040425,0.5406561575263928,0.579,47,69.03125,45756588.0,-0.48,-0.01,0.77,-31.93,-0.65
1776308734.2834065,0.21246313665678185,0.5437126796957761,0.58375,47,68.65625,45872220.0,-0.481,-0.01,0.776,-31.8,-0.64
1776308734.3856082,0.21384069148971666,0.5525652980989666,0.5925,47,68.84375,45987840.0,-0.481,-0.012,0.772,-31.92,-0.77
1776308734.4865012,0.20734291912496597,0.5486266160958088,0.5865,47,69.296875,46045664.0,-0.477,-0.012,0.769,-31.83,-0.77
1776308734.587014,0.2106932405587491,0.5323200244052942,0.5725,47,68.40625,46161296.0,-0.479,-0.011,0.771,-31.85,-0.71
1776308734.6859105,0.20753254897458956,0.543740968767399,0.582,47,69.109375,46276932.0,-0.48,-0.013,0.767,-32.03,-0.8
1776308734.7855859,0.2083792261537582,0.5402028305253137,0.579,47,68.90625,46392544.0,-0.479,-0.012,0.768,-31.96,-0.74
1776308734.8875597,0.20812555477069505,0.5435142624176392,0.582,47,69.046875,46450364.0,-0.479,-0.009,0.77,-31.86,-0.59
1776308734.9868886,0.20883340975998127,0.5378825215305101,0.577,47,68.78125,46565992.0,-0.481,-0.01,0.772,-31.92,-0.65
1776308735.0868948,0.21361796333512223,0.5384217011233429,0.57925,47,68.359375,46681636.0,-0.479,-0.01,0.773,-31.79,-0.65
1776308735.1871023,0.20928475475646416,0.527499897086745,0.5675,47,68.359375,46797268.0,-0.48,-0.012,0.77,-31.98,-0.74
1776308735.287826,0.21633530769768916,0.5354486760123197,0.5775,47,68.0,46855068.0,-0.479,-0.01,0.771,-31.83,-0.62
1776308735.386536,0.20916591062164655,0.548469344479541,0.587,47,69.125,46970688.0,-0.48,-0.011,0.771,-31.93,-0.71
1776308735.4853542,0.21018845352638452,0.5335944752376911,0.5735,47,68.5,47086320.0,-0.479,-0.01,0.771,-31.86,-0.65
1776308735.5842633,0.21299907050851327,0.5437714556341748,0.584,47,68.609375,47144140.0,-0.479,-0.012,0.771,-31.84,-0.74
1776308735.687472,0.2077700667099281,0.5452557651041867,0.5835,47,69.140625,47259792.0,-0.48,-0.012,0.768,-32.03,-0.77
1776308735.786119,0.2059279158639613,0.5395367860191975,0.5775,47,69.109375,47375428.0,-0.479,-0.013,0.771,-31.87,-0.8
1776308735.8880486,0.21094428144616298,0.5316827156539526,0.572,47,68.359375,47491040.0,-0.48,-0.012,0.766,-32.08,-0.74
1776308735.987605,0.21113384729364426,0.5455708006546759,0.585,47,68.84375,47548860.0,-0.481,-0.011,0.772,-31.95,-0.71
1776308736.0883176,0.20937240655602005,0.5494608224186148,0.588,47,69.140625,47664488.0,-0.481,-0.011,0.769,-32.05,-0.68
1776308736.1891599,0.2067680348822294,0.533856937531902,0.5725,47,68.828125,47780112.0,-0.479,-0.008,0.768,-31.94,-0.49
1776308736.2885885,0.2087570225802087,0.5523683150973147,0.5905,47,69.296875,47895752.0,-0.479,-0.01,0.768,-31.99,-0.62
1776308736.3892698,0.21271786817182187,0.539584199694946,0.58,47,68.484375,47953568.0,-0.478,-0.011,0.769,-31.85,-0.71
1776308736.4896407,0.20398858001225018,0.5279627441634359,0.566,47,68.875,48069204.0,-0.479,-0.011,0.771,-31.88,-0.68
1776308736.5896132,0.20885403200900882,0.540555495128465,0.5795,47,68.875,48184832.0,-0.479,-0.01,0.767,-31.98,-0.62
1776308736.6911755,0.20949756980096185,0.5344031888448001,0.574,47,68.59375,48300460.0,-0.482,-0.011,0.768,-32.1,-0.71
1776308736.7911627,0.2073791207839711,0.5411230453999045,0.5795,47,69.03125,48358276.0,-0.479,-0.011,0.771,-31.82,-0.71
1776308736.8916376,0.209584217844607,0.5450967396989862,0.584,47,68.96875,48473916.0,-0.478,-0.009,0.767,-31.92,-0.56
1776308736.9920433,0.21128025837989187,0.540685585547577,0.5805,47,68.65625,48589564.0,-0.48,-0.009,0.769,-31.97,-0.59
1776308737.0921462,0.21000382638549692,0.5272140389855434,0.5675,47,68.28125,48705196.0,-0.479,-0.012,0.771,-31.88,-0.74
1776308737.1929002,0.20754548106449397,0.5389166199791094,0.5775,47,68.9375,48763032.0,-0.48,-0.012,0.771,-31.91,-0.77
1776308737.293137,0.20868145167402313,0.5414260006937444,0.58025,47,68.921875,48878664.0,-0.481,-0.012,0.771,-32.0,-0.77
1776308737.3928442,0.20634579725208604,0.5441924401867422,0.582,47,69.234375,48994288.0,-0.481,-0.009,0.77,-32.01,-0.59
1776308737.4932787,0.21014591684038883,0.5395180197503252,0.579,47,68.71875,49052104.0,-0.481,-0.012,0.772,-31.92,-0.74
1776308737.5960834,0.20769644498877665,0.5495620408461852,0.5875,47,69.296875,49167744.0,-0.48,-0.011,0.771,-31.91,-0.71
1776308737.6949437,0.21186624071821789,0.5340065037468459,0.5745,47,68.359375,49283388.0,-0.479,-0.01,0.77,-31.9,-0.62
1776308737.795779,0.2102477302025292,0.5410879244121832,0.5805,47,68.765625,49399004.0,-0.479,-0.012,0.768,-31.99,-0.74
1776308737.8947523,0.20974766158577243,0.541550072439567,0.58075,47,68.828125,49456820.0,-0.48,-0.012,0.772,-31.87,-0.74
1776308737.9951706,0.2058966240868322,0.5390135250526147,0.577,47,69.09375,49572460.0,-0.48,-0.013,0.768,-32.04,-0.8
1776308738.093558,0.2080746270479811,0.5354952843665792,0.5745,47,68.765625,49688080.0,-0.479,-0.011,0.77,-31.92,-0.71
1776308738.1932104,0.20442592892468198,0.5395730159888287,0.577,47,69.25,49745888.0,-0.482,-0.01,0.77,-32.04,-0.62
1776308738.2917106,0.20708311170966487,0.5465865300614738,0.5845,47,69.25,49861520.0,-0.482,-0.011,0.771,-32.01,-0.68
1776308738.390896,0.2114077315322097,0.5476091407641085,0.587,47,68.890625,49977164.0,-0.481,-0.01,0.773,-31.87,-0.65
1776308738.490769,0.20667159555487638,0.5446036187823229,0.5825,47,69.21875,50092800.0,-0.477,-0.01,0.769,-31.83,-0.65
1776308738.5887446,0.20878059694952267,0.5470108886826669,0.5855,47,69.109375,50150624.0,-0.477,-0.01,0.768,-31.83,-0.65
1776308738.687616,0.20521474559257097,0.5376682603533302,0.5755,47,69.109375,50266252.0,-0.479,-0.011,0.772,-31.79,-0.68
1776308738.7876182,0.20427680023785846,0.5423017968664515,0.5795,47,69.359375,50381892.0,-0.48,-0.01,0.771,-31.93,-0.65
1776308738.8860428,0.2106562401543161,0.540392402318951,0.58,47,68.703125,50439700.0,-0.479,-0.012,0.77,-31.87,-0.74
1776308738.9840174,0.20934241163648093,0.5435825647408333,0.5825,47,68.9375,50555340.0,-0.479,-0.011,0.771,-31.86,-0.71
1776308739.083234,0.209584217844607,0.5450967396989862,0.584,47,68.96875,50670980.0,-0.479,-0.01,0.769,-31.96,-0.65
1776308739.1837633,0.20919416470536256,0.5436396338138212,0.5825,47,68.953125,50786616.0,-0.479,-0.012,0.773,-31.79,-0.74
1776308739.2832873,0.21165207511561668,0.5394660778021667,0.5795,47,68.578125,50844424.0,-0.48,-0.011,0.769,-31.98,-0.71
1776308739.3842602,0.2109921913947534,0.5343524540698207,0.5745,47,68.453125,50960060.0,-0.478,-0.013,0.771,-31.77,-0.83
1776308739.4857986,0.21674383196355976,0.5244791333368299,0.5675,47,67.546875,51075692.0,-0.482,-0.011,0.768,-32.12,-0.71
1776308739.58566,0.21324081177730922,0.5323820115223223,0.5735,47,68.171875,51191332.0,-0.48,-0.009,0.768,-32.03,-0.56
1776308739.6849105,0.2133637949443155,0.5447025711403978,0.585,47,68.609375,51249128.0,-0.478,-0.012,0.772,-31.75,-0.74
1776308739.7841616,0.20830435679369397,0.5439811990692008,0.5825,47,69.046875,51364760.0,-0.479,-0.012,0.772,-31.83,-0.74
1776308739.883526,0.21066084910065808,0.5478968941837412,0.587,47,68.96875,51480396.0,-0.478,-0.011,0.772,-31.72,-0.68
1776308739.9853225,0.2093154746530654,0.5484122829320673,0.587,47,69.109375,51538232.0,-0.479,-0.012,0.769,-31.89,-0.74
1776308740.0859115,0.21056956476542962,0.5463247279727484,0.5855,47,68.921875,51653876.0,-0.479,-0.01,0.77,-31.87,-0.65
1776308740.1861541,0.21293841009102585,0.5502337989508697,0.59,47,68.84375,51769516.0,-0.479,-0.008,0.771,-31.87,-0.52
1776308740.2865252,0.2097838226417825,0.5514442381218623,0.59,47,69.171875,51885152.0,-0.479,-0.013,0.77,-31.92,-0.8
1776308740.386705,0.21050886315617534,0.5404498298017075,0.58,47,68.71875,51942960.0,-0.481,-0.01,0.772,-31.95,-0.61
1776308740.4863095,0.20878059694952267,0.5470108886826669,0.5855,47,69.109375,52058584.0,-0.48,-0.012,0.77,-31.93,-0.77
1776308740.5869331,0.21057650024283067,0.5414965720533058,0.581,47,68.75,52174212.0,-0.479,-0.014,0.768,-31.95,-0.87
1776308740.6877754,0.20625346398992897,0.5399476906072985,0.578,47,69.09375,52289840.0,-0.479,-0.012,0.771,-31.82,-0.77
1776308740.7871594,0.21477741473524886,0.5430715073723191,0.584,47,68.421875,52347652.0,-0.479,-0.012,0.769,-31.94,-0.74
1776308740.8889823,0.21491839784256486,0.5451661052090316,0.586,47,68.484375,52463300.0,-0.48,-0.011,0.77,-31.96,-0.68
1776308740.988665,0.21119665704448518,0.5466186715190344,0.586,47,68.875,52578928.0,-0.481,-0.012,0.768,-32.07,-0.74
1776308741.0886421,0.21400544870727092,0.5406883741339364,0.5815,47,68.40625,52636744.0,-0.48,-0.013,0.77,-31.95,-0.83
1776308741.1892061,0.2118122392646854,0.5442348530714287,0.584,47,68.734375,52752364.0,-0.48,-0.009,0.768,-32.02,-0.56
1776308741.288887,0.2057802137040337,0.5449410552049848,0.5825,47,69.3125,52867976.0,-0.478,-0.011,0.772,-31.75,-0.71
1776308741.3882267,0.2133391577222589,0.5420264327340109,0.5825,47,68.515625,52983608.0,-0.48,-0.009,0.771,-31.89,-0.58
1776308741.4888577,0.21555407780643754,0.5433016561184185,0.5845,47,68.359375,53041424.0,-0.479,-0.011,0.769,-31.94,-0.68
1776308741.588283,0.2113669173307263,0.5444079594000311,0.584,47,68.78125,53157068.0,-0.48,-0.011,0.771,-31.91,-0.68
1776308741.6905675,0.22225349674504147,0.5637724569226505,0.606,47,68.484375,53272716.0,-0.481,-0.011,0.774,-31.88,-0.68
1776308741.7905633,0.21555571452773092,0.5647618825084068,0.6045,47,69.109375,53388356.0,-0.482,-0.011,0.766,-32.17,-0.71
1776308741.8927991,0.22011473612202162,0.5592410061341467,0.601,47,68.515625,53446172.0,-0.479,-0.011,0.771,-31.84,-0.68
1776308741.9919732,0.2185000646775502,0.5582633533879028,0.5995,47,68.625,53561804.0,-0.478,-0.012,0.772,-31.76,-0.77
1776308742.0930097,0.21816385515906284,0.5551727499635907,0.5965,47,68.546875,53677424.0,-0.479,-0.011,0.771,-31.82,-0.71
1776308742.192536,0.21491285775222718,0.5719558230954301,0.611,47,69.40625,53793060.0,-0.479,-0.011,0.773,-31.79,-0.68
1776308742.2939212,0.22373172524040003,0.5707128131739764,0.613,47,68.59375,53850872.0,-0.48,-0.013,0.77,-31.93,-0.8
1776308742.39312,0.21946052623412698,0.5675467623245155,0.6085,47,68.859375,53966500.0,-0.477,-0.012,0.775,-31.61,-0.74
1776308742.4941924,0.21894327331683505,0.5736373794212766,0.614,47,69.109375,54082132.0,-0.479,-0.009,0.767,-31.98,-0.56
1776308742.5949254,0.22421809049854652,0.5664907857972498,0.60925,47,68.40625,54197756.0,-0.48,-0.012,0.77,-31.95,-0.74
1776308742.6962209,0.21006306108747375,0.5481263635025779,0.587,47,69.03125,54255560.0,-0.48,-0.011,0.771,-31.92,-0.68
1776308742.7957363,0.22118080403089307,0.5866924679320911,0.627,47,69.34375,54371208.0,-0.48,-0.011,0.777,-31.71,-0.7
1776308742.8945675,0.22495372552822038,0.5761406697768994,0.6185,47,68.671875,54486836.0,-0.48,-0.011,0.77,-31.95,-0.68
1776308742.9955525,0.22050594264551873,0.5767871177982491,0.6175,47,69.078125,54544664.0,-0.479,-0.012,0.768,-31.95,-0.74
1776308743.0962412,0.22063266544573076,0.5705780309811378,0.61175,47,68.859375,54660284.0,-0.479,-0.011,0.771,-31.88,-0.71
1776308743.1977463,0.22555710634327475,0.5914499063978695,0.633,47,69.125,54775932.0,-0.48,-0.012,0.769,-31.97,-0.74
1776308743.2976701,0.21143964683537186,0.5419652555709944,0.58175,47,68.6875,54891564.0,-0.48,-0.011,0.771,-31.94,-0.68
1776308743.398137,0.20945474002629422,0.5381774446040242,0.5775,47,68.734375,54949380.0,-0.481,-0.008,0.769,-32.04,-0.52
1776308743.4977117,0.2058650622431442,0.5384903213128592,0.5765,47,69.078125,55065000.0,-0.479,-0.012,0.772,-31.8,-0.74
1776308743.5950491,0.20571402798600041,0.5465690612262781,0.584,47,69.375,55180620.0,-0.478,-0.01,0.771,-31.79,-0.65
1776308743.6939638,0.21363475553463146,0.5419099936591484,0.5825,47,68.484375,55238432.0,-0.479,-0.012,0.772,-31.82,-0.74
1776308743.7924604,0.20741399118857431,0.5443213079232027,0.5825,47,69.140625,55354088.0,-0.481,-0.013,0.768,-32.09,-0.8
1776308743.8905764,0.20510207301028024,0.54359372664416,0.581,47,69.328125,55469716.0,-0.481,-0.01,0.77,-32.0,-0.62
1776308743.9888432,0.2057802137040337,0.5449410552049848,0.5825,47,69.3125,55585348.0,-0.478,-0.012,0.772,-31.74,-0.77
1776308744.08796,0.20850758658855595,0.5422965852142311,0.581,47,68.96875,55643168.0,-0.479,-0.011,0.773,-31.77,-0.68
1776308744.1868153,0.2056800133797458,0.5332053845340533,0.5715,47,68.90625,55758812.0,-0.483,-0.011,0.776,-31.91,-0.67
1776308744.285865,0.20554673089830755,0.5434257460012533,0.581,47,69.28125,55874456.0,-0.479,-0.011,0.768,-31.99,-0.71
1776308744.3853433,0.20563159643457532,0.5449971527886802,0.5825,47,69.328125,55932288.0,-0.48,-0.01,0.771,-31.92,-0.62
1776308744.4826236,0.2056365699057531,0.5348295065882176,0.573,47,68.96875,56047912.0,-0.48,-0.011,0.771,-31.92,-0.71
1776308744.5796332,0.20539852687400717,0.543481779968738,0.581,47,69.296875,56163544.0,-0.479,-0.015,0.77,-31.87,-0.93
1776308744.6778948,0.20450898233100573,0.5438171348403215,0.581,47,69.390625,56279188.0,-0.482,-0.01,0.769,-32.07,-0.62
1776308744.776935,0.2031306830554839,0.5379246467688691,0.575,47,69.3125,56337000.0,-0.481,-0.011,0.77,-31.99,-0.71
1776308744.8754945,0.21367629437964308,0.5322073761422178,0.5735,47,68.125,56452604.0,-0.479,-0.01,0.77,-31.86,-0.65
1776308744.9731393,0.20886646367390632,0.5432299700424827,0.582,47,68.96875,56568240.0,-0.479,-0.01,0.766,-32.0,-0.65
1776308745.072059,0.20860745937731007,0.5390426030400045,0.578,47,68.84375,56626056.0,-0.481,-0.013,0.769,-32.02,-0.8
1776308745.1714308,0.20575493754076563,0.5417427024682434,0.5795,47,69.203125,56741688.0,-0.478,-0.01,0.77,-31.8,-0.65
1776308745.267914,0.2066906432831654,0.5478040050777206,0.5855,47,69.328125,56857316.0,-0.481,-0.009,0.769,-32.02,-0.59
1776308745.365982,0.20327737169114307,0.537869231466479,0.575,47,69.296875,56915128.0,-0.479,-0.01,0.767,-31.97,-0.62
1776308745.4643595,0.2014870274109456,0.5353381901051902,0.572,47,69.375,57030772.0,-0.48,-0.01,0.769,-31.97,-0.65
1776308745.5643756,0.2054594321436149,0.5418548437941875,0.5795,47,69.234375,57146400.0,-0.48,-0.011,0.774,-31.81,-0.68
1776308745.6618943,0.2061371027165631,0.5405272841250672,0.5785,47,69.125,57262028.0,-0.48,-0.011,0.771,-31.93,-0.71
1776308745.7605424,0.20427680023785846,0.5423017968664515,0.5795,47,69.359375,57319848.0,-0.479,-0.011,0.768,-31.96,-0.71
1776308745.8593948,0.2100301038821706,0.5449250916073186,0.584,47,68.921875,57435500.0,-0.48,-0.011,0.768,-32.0,-0.68
1776308745.9588473,0.20890569923284943,0.530338013749754,0.57,47,68.5,57551128.0,-0.48,-0.012,0.769,-31.97,-0.74
1776308746.0562706,0.20640070420908468,0.5398914236233003,0.578,47,69.078125,57608936.0,-0.48,-0.01,0.77,-31.95,-0.65
1776308746.1556225,0.20649150065028465,0.5454739431532853,0.58325,47,69.265625,57724564.0,-0.48,-0.012,0.77,-31.93,-0.74
1776308746.2536705,0.20664285668792454,0.5427423811347828,0.58075,47,69.15625,57840196.0,-0.479,-0.011,0.77,-31.91,-0.68
1776308746.352549,0.20634576462451298,0.5415179363802506,0.5795,47,69.140625,57898004.0,-0.478,-0.01,0.771,-31.78,-0.62
1776308746.4512222,0.2067615133325365,0.5434997024879032,0.5815,47,69.171875,58013636.0,-0.479,-0.011,0.769,-31.94,-0.68
1776308746.5503054,0.20590067022282077,0.5403498649040206,0.57825,47,69.140625,58129256.0,-0.479,-0.012,0.767,-32.0,-0.74
1776308746.6495366,0.20779998782636094,0.5444416658920993,0.58275,47,69.109375,58244892.0,-0.48,-0.01,0.769,-31.98,-0.62
1776308746.7492833,0.20693634617502524,0.5412925259337414,0.5795,47,69.078125,58302720.0,-0.479,-0.012,0.77,-31.85,-0.77
1776308746.8508992,0.20678872384457414,0.5413489389393245,0.5795,47,69.09375,58418352.0,-0.479,-0.012,0.77,-31.9,-0.74
1776308746.9483807,0.20516198988603876,0.5433038932365578,0.58075,47,69.3125,58533988.0,-0.479,-0.01,0.766,-32.03,-0.65
1776308747.0461864,0.20731585881195627,0.5400762767286312,0.5785,47,69.0,58591796.0,-0.48,-0.01,0.769,-31.97,-0.62
1776308747.1465466,0.21205729153852,0.5387696215502012,0.579,47,68.515625,58707412.0,-0.48,-0.012,0.771,-31.9,-0.77
1776308747.2463126,0.20292500570365715,0.5396051260506805,0.5765,47,69.390625,58823024.0,-0.479,-0.008,0.769,-31.92,-0.52
1776308747.3468914,0.20622597364559075,0.5447725193086819,0.5825,47,69.265625,58938648.0,-0.48,-0.011,0.771,-31.91,-0.71
1776308747.4456728,0.21467824596513013,0.5280276988088173,0.57,47,67.875,58996460.0,-0.48,-0.01,0.77,-31.98,-0.62
1776308747.5474613,0.20404302616169015,0.5407868743551195,0.578,47,69.328125,59112076.0,-0.483,-0.009,0.771,-32.08,-0.55
1776308747.6464362,0.2067680348822294,0.533856937531902,0.5725,47,68.828125,59227712.0,-0.479,-0.013,0.769,-31.91,-0.8
1776308747.7460098,0.2078852733910583,0.5473517727267584,0.5855,47,69.203125,59343320.0,-0.482,-0.009,0.77,-32.04,-0.59
1776308747.8451154,0.20720609374188667,0.5433303642501756,0.5815,47,69.125,59401116.0,-0.479,-0.009,0.77,-31.88,-0.56
1776308747.9446838,0.20947583880862383,0.537364341443888,0.57675,47,68.703125,59516736.0,-0.479,-0.011,0.778,-31.65,-0.67
1776308748.0456882,0.20454278942040555,0.5389939677734062,0.5765,47,69.21875,59632368.0,-0.481,-0.012,0.769,-32.03,-0.77
1776308748.1443713,0.20939463778642645,0.5419546896801348,0.581,47,68.875,59690188.0,-0.478,-0.009,0.768,-31.9,-0.56
1776308748.2458892,0.21131465567000166,0.5412089395964081,0.581,47,68.671875,59805824.0,-0.478,-0.012,0.77,-31.85,-0.77
1776308748.3455207,0.2053448350894571,0.5349415843828965,0.573,47,69.0,59921460.0,-0.48,-0.013,0.768,-32.0,-0.8
1776308748.4445894,0.2102994784302693,0.5373110173558296,0.577,47,68.625,60037076.0,-0.48,-0.011,0.77,-31.95,-0.71
1776308748.5460353,0.2135630274952987,0.5408632759644921,0.5815,47,68.453125,60094892.0,-0.48,-0.009,0.768,-32.0,-0.59
1776308748.6437578,0.2101114395332274,0.5389948357612296,0.5785,47,68.703125,60210508.0,-0.481,-0.011,0.771,-31.97,-0.71
1776308748.7440383,0.20354394705740186,0.5324188779676144,0.57,47,69.078125,60326152.0,-0.48,-0.009,0.769,-32.01,-0.59
1776308748.8431878,0.20729486203416814,0.5449016793644842,0.583,47,69.171875,60383944.0,-0.478,-0.013,0.767,-31.94,-0.84
1776308748.941785,0.21007403564455862,0.5320271605360094,0.572,47,68.453125,60499588.0,-0.481,-0.01,0.771,-31.95,-0.62
1776308749.0423677,0.20851091522879683,0.5476487909513262,0.586,47,69.15625,60615236.0,-0.479,-0.012,0.771,-31.86,-0.77
1776308749.1411333,0.20609422812293934,0.5373317589110194,0.5755,47,69.015625,60730872.0,-0.477,-0.012,0.771,-31.73,-0.74
1776308749.2421114,0.2100416758165679,0.5379486447795624,0.5775,47,68.671875,60788692.0,-0.478,-0.01,0.765,-31.97,-0.62
1776308749.3409433,0.2060121045519004,0.5464567803386622,0.584,47,69.34375,60904328.0,-0.478,-0.011,0.77,-31.83,-0.71
1776308749.4398072,0.20660807374287712,0.5462317309203648,0.584,47,69.28125,61019948.0,-0.478,-0.009,0.771,-31.77,-0.59
1776308749.5393052,0.2101883707396857,0.5378913447953931,0.5775,47,68.65625,61077776.0,-0.479,-0.011,0.77,-31.92,-0.71
1776308749.6384008,0.20946606650922808,0.5456777592876144,0.5845,47,69.0,61193416.0,-0.479,-0.01,0.768,-31.95,-0.62
1776308749.7391677,0.20606157098854772,0.536808745235891,0.575,47,69.0,61309044.0,-0.479,-0.012,0.771,-31.86,-0.74
1776308749.8387043,0.20765053546294596,0.5431606623476629,0.5815,47,69.078125,61424684.0,-0.482,-0.009,0.767,-32.15,-0.56
1776308749.939533,0.20770573816039065,0.5415333104576737,0.58,47,69.015625,61482500.0,-0.48,-0.009,0.771,-31.93,-0.59
1776308750.0401654,0.20863141510898478,0.5470678044169868,0.5855,47,69.125,61598140.0,-0.481,-0.009,0.769,-32.04,-0.56
1776309090.2072227,0.20457306703514372,0.5395172474016328,0.577,47,69.234375,2054032.0,-0.479,-0.011,0.77,-31.91,-0.71
1776309090.3236506,0.20552483629887294,0.5209218191478656,0.56,47,68.46875,2169572.0,-0.48,-0.012,0.768,-32.03,-0.77
1776309090.4358754,0.2018674839657343,0.5271714796129852,0.5645,47,69.046875,2285116.0,-0.48,-0.011,0.771,-31.92,-0.71
1776309090.541245,0.20424043323360586,0.5294734133387143,0.5675,47,68.90625,2400652.0,-0.481,-0.011,0.77,-32.03,-0.71
1776309090.6404557,0.2046798678890282,0.5362668661039296,0.574,47,69.109375,2516184.0,-0.477,-0.013,0.768,-31.84,-0.84
1776309090.7390325,0.20549838859943712,0.5187816614752634,0.558,47,68.390625,2573952.0,-0.479,-0.011,0.769,-31.93,-0.71
1776309090.835453,0.20442038075187333,0.5299399097381317,0.568,47,68.90625,2689488.0,-0.479,-0.012,0.771,-31.86,-0.74
1776309090.930089,0.20554735639072078,0.5407518231876671,0.5785,47,69.1875,2805052.0,-0.479,-0.011,0.768,-31.95,-0.68
1776309091.0262463,0.20409603416632163,0.5295290915875913,0.5675,47,68.921875,2862824.0,-0.479,-0.011,0.769,-31.93,-0.68
1776309091.1232674,0.20113477736302438,0.5344022841784329,0.571,47,69.375,2978368.0,-0.482,-0.012,0.77,-32.08,-0.77
1776309091.223813,0.20643369799377728,0.5355941825044536,0.574,47,68.921875,3093904.0,-0.479,-0.011,0.768,-31.94,-0.71
1776309091.3228693,0.2066297046633488,0.5183320992864877,0.558,47,68.265625,3151672.0,-0.482,-0.013,0.77,-32.06,-0.8
1776309091.4217887,0.20474905739408356,0.5426581092144798,0.58,47,69.328125,3267204.0,-0.48,-0.011,0.768,-32.02,-0.71
1776309091.5232465,0.20176874613969914,0.5325595019161837,0.5695,47,69.25,3382732.0,-0.48,-0.012,0.77,-31.95,-0.77
1776309091.6230893,0.20571820413528386,0.5385464422752727,0.5765,47,69.09375,3498272.0,-0.477,-0.01,0.768,-31.86,-0.62
1776309091.7231658,0.20524999349289133,0.5312275314506657,0.5695,47,68.875,3556032.0,-0.48,-0.013,0.77,-31.95,-0.83
1776309091.8234935,0.20171760004292402,0.5341825622696074,0.571,47,69.3125,3671564.0,-0.481,-0.012,0.77,-32.01,-0.74
1776309091.9229417,0.2041663221201693,0.5305736168637895,0.5685,47,68.953125,3787092.0,-0.478,-0.012,0.771,-31.79,-0.74
1776309092.0242586,0.20362326141454976,0.5248871949389715,0.563,47,68.796875,3902640.0,-0.479,-0.013,0.77,-31.92,-0.83
1776309092.126992,0.20726601277135723,0.5368808526571456,0.5755,47,68.890625,3960400.0,-0.48,-0.012,0.771,-31.9,-0.74
1776309092.2258325,0.2023001826966957,0.5339622047307127,0.571,47,69.25,4075924.0,-0.481,-0.012,0.77,-32.01,-0.74
1776309092.32568,0.20262306379650719,0.5343745353380124,0.5715,47,69.234375,4191444.0,-0.481,-0.012,0.769,-32.02,-0.77
1776309092.4247842,0.20113477736302438,0.5344022841784329,0.571,47,69.375,4306984.0,-0.479,-0.011,0.769,-31.93,-0.71
1776309092.5270061,0.20617359172176983,0.5255023311808854,0.5645,47,68.578125,4364752.0,-0.481,-0.012,0.768,-32.05,-0.77
1776309092.6269412,0.20254696460580324,0.5242315586923164,0.562,47,68.875,4480296.0,-0.48,-0.01,0.768,-32.03,-0.65
1776309092.728535,0.2033653997354217,0.5319518438641342,0.5695,47,69.078125,4595832.0,-0.48,-0.011,0.771,-31.91,-0.71
1776309092.8283947,0.212071387658079,0.5253075066442291,0.5665,47,68.015625,4711360.0,-0.481,-0.012,0.766,-32.12,-0.77
1776309092.9282844,0.20767757037447665,0.5318938115482772,0.571,47,68.671875,4769140.0,-0.48,-0.011,0.768,-32.02,-0.68
1776309093.0296023,0.2121901647467303,0.5430141195077302,0.583,47,68.65625,4884676.0,-0.482,-0.012,0.769,-32.1,-0.77
1776309093.128464,0.20495277634254971,0.533485341382011,0.5715,47,68.984375,5000212.0,-0.482,-0.01,0.769,-32.07,-0.62
1776309093.2293427,0.20602600757805264,0.5328037600293829,0.57125,47,68.859375,5057976.0,-0.479,-0.01,0.769,-31.94,-0.65
1776309093.32884,0.20422515824959062,0.5337643063543399,0.5715,47,69.0625,5173512.0,-0.48,-0.012,0.77,-31.93,-0.74
1776309093.4300888,0.20542694295089373,0.5440055340801694,0.5815,47,69.3125,5289052.0,-0.479,-0.012,0.768,-31.99,-0.77
1776309093.530818,0.2046798678890282,0.5362668661039296,0.574,47,69.109375,5404608.0,-0.48,-0.01,0.77,-31.98,-0.65
1776309093.6302633,0.21017870133643315,0.5448677945194874,0.584,47,68.90625,5462376.0,-0.482,-0.012,0.769,-32.07,-0.77
1776309093.730929,0.20617488553377866,0.5362295838305952,0.5745,47,68.96875,5577900.0,-0.481,-0.012,0.768,-32.08,-0.74
1776309093.832955,0.20424106713537438,0.5364341399420841,0.574,47,69.15625,5693436.0,-0.48,-0.011,0.766,-32.11,-0.71
1776309093.932273,0.20342440267451242,0.5404856727023556,0.5775,47,69.375,5808964.0,-0.48,-0.009,0.769,-31.99,-0.56
1776309094.0330114,0.20730769973335597,0.5288170927941576,0.568,47,68.59375,5866736.0,-0.479,-0.011,0.766,-32.04,-0.68
1776309094.1331317,0.20947678643090487,0.5408506965388702,0.58,47,68.828125,5982272.0,-0.482,-0.009,0.767,-32.14,-0.56
1776309094.2323432,0.20522235357819246,0.5403404349036145,0.578,47,69.203125,6097808.0,-0.48,-0.011,0.769,-32.01,-0.68
1776309094.3315232,0.2136129988628573,0.5462158334548871,0.5865,47,68.640625,6155584.0,-0.481,-0.013,0.768,-32.08,-0.8
1776309094.432391,0.20638726646568217,0.537219272030354,0.5755,47,68.984375,6271116.0,-0.48,-0.012,0.769,-31.99,-0.77
1776309094.5322502,0.20820908444735772,0.5260437621088125,0.56575,47,68.40625,6386636.0,-0.479,-0.011,0.771,-31.84,-0.68
1776309094.6325314,0.20424830228690125,0.5417782120138448,0.579,47,69.34375,6502192.0,-0.481,-0.01,0.771,-32.0,-0.65
1776309094.7321649,0.20779865183226062,0.5431040142520537,0.5815,47,69.0625,6559968.0,-0.481,-0.011,0.768,-32.09,-0.68
1776309094.8316915,0.21267978389995507,0.5369111281397214,0.5775,47,68.390625,6675504.0,-0.482,-0.014,0.769,-32.07,-0.86
1776309094.9314835,0.20746313405803152,0.5400197200166112,0.5785,47,68.984375,6791044.0,-0.48,-0.012,0.769,-31.97,-0.74
1776309095.0321202,0.200705873025706,0.5297540962871257,0.5665,47,69.25,6906592.0,-0.48,-0.011,0.767,-32.06,-0.71
1776309095.1323504,0.20931425875746293,0.5360856191699362,0.5755,47,68.671875,6964364.0,-0.48,-0.012,0.769,-32.01,-0.74
1776309095.23106,0.2067458889964653,0.5381527546924397,0.5765,47,68.984375,7079872.0,-0.481,-0.013,0.769,-32.04,-0.8
1776309095.331699,0.2082958004907226,0.5493351522503627,0.5875,47,69.234375,7195396.0,-0.48,-0.011,0.768,-32.04,-0.68
1776309095.4306595,0.21207329835507227,0.5401064511971696,0.58025,47,68.5625,7253172.0,-0.481,-0.011,0.767,-32.11,-0.71
1776309095.5310972,0.20744130247399362,0.5421700434622824,0.5805,47,69.0625,7368692.0,-0.483,-0.01,0.768,-32.16,-0.65
1776309095.6310165,0.20747264493471204,0.5453690049900113,0.5835,47,69.171875,7484216.0,-0.48,-0.012,0.765,-32.11,-0.74
1776309095.7307637,0.20953418836839194,0.5349258583250573,0.5745,47,68.609375,7599776.0,-0.479,-0.012,0.767,-32.01,-0.74
1776309095.8295872,0.20583572432540048,0.5459889235061804,0.5835,47,69.34375,7657548.0,-0.482,-0.014,0.771,-32.02,-0.86
1776309095.929545,0.2080520806435543,0.539793091600743,0.5785,47,68.921875,7773084.0,-0.479,-0.013,0.769,-31.96,-0.8
1776309096.0298386,0.2035707035986518,0.5377582808626472,0.575,47,69.265625,7888620.0,-0.483,-0.011,0.768,-32.2,-0.68
1776309096.1301408,0.2051929499501177,0.5424904176948828,0.58,47,69.28125,8004148.0,-0.48,-0.011,0.769,-31.98,-0.71
1776309096.2295434,0.20705742772116253,0.5447245029604374,0.58275,47,69.1875,8061916.0,-0.479,-0.013,0.77,-31.87,-0.83
1776309096.32876,0.20233816926672454,0.5384903228079315,0.57525,47,69.40625,8177448.0,-0.482,-0.011,0.767,-32.18,-0.71
1776309096.4309533,0.20796823894566976,0.5339271594420317,0.573,47,68.71875,8293004.0,-0.479,-0.012,0.768,-31.97,-0.74
1776309096.5285456,0.2085591736720257,0.5406693269247311,0.5795,47,68.90625,8350776.0,-0.48,-0.012,0.768,-32.03,-0.74
1776309096.6283572,0.20459688780982624,0.5373686941928543,0.575,47,69.15625,8466312.0,-0.482,-0.013,0.768,-32.1,-0.83
1776309096.7291892,0.21055495475310881,0.5345248928056732,0.5745,47,68.5,8581840.0,-0.48,-0.012,0.77,-31.93,-0.74
1776309096.8282416,0.20707903981249295,0.539899373745086,0.57825,47,69.015625,8697356.0,-0.48,-0.011,0.77,-31.93,-0.71
1776309096.927454,0.20754548106449397,0.5389166199791094,0.5775,47,68.9375,8755112.0,-0.481,-0.012,0.77,-31.99,-0.74
1776309097.0271158,0.2072785868831639,0.5325859906341123,0.5715,47,68.734375,8870656.0,-0.48,-0.011,0.766,-32.06,-0.71
1776309097.1285746,0.21399692016193042,0.5363875167835362,0.5775,47,68.25,8986196.0,-0.481,-0.012,0.769,-32.02,-0.77
1776309097.2267368,0.20930796710883773,0.5382345445108161,0.5775,47,68.75,9043952.0,-0.479,-0.011,0.769,-31.94,-0.71
1776309097.325968,0.208821108774954,0.5400321699028667,0.579,47,68.859375,9159484.0,-0.479,-0.014,0.769,-31.93,-0.9
1776309097.4257026,0.2078515355016996,0.5366544411346893,0.5755,47,68.828125,9275040.0,-0.48,-0.011,0.769,-31.97,-0.68
1776309097.5261157,0.20546526548403005,0.5322163795671616,0.5705,47,68.890625,9390584.0,-0.48,-0.013,0.767,-32.03,-0.83
1776309097.6243477,0.20815631867796466,0.537876853465956,0.57675,47,68.84375,9448332.0,-0.48,-0.012,0.77,-31.93,-0.74
1776309097.7255638,0.20712915792930103,0.5382732339950581,0.57675,47,68.953125,9563876.0,-0.48,-0.011,0.766,-32.09,-0.71
1776309097.8251455,0.2104100156624643,0.5367307288659011,0.5765,47,68.59375,9679404.0,-0.484,-0.011,0.772,-32.09,-0.71
1776309097.9264529,0.20675779885304504,0.5408254918302611,0.579,47,69.078125,9794948.0,-0.481,-0.011,0.768,-32.09,-0.71
1776309098.0262003,0.20738425891277393,0.543797544271027,0.582,47,69.125,9852712.0,-0.48,-0.013,0.771,-31.94,-0.8
1776309098.1251917,0.21071954278474922,0.5379519837202817,0.57775,47,68.609375,9968236.0,-0.479,-0.011,0.764,-32.05,-0.71
1776309098.224415,0.2091811554202155,0.5280788238672931,0.568,47,68.390625,10083824.0,-0.48,-0.013,0.769,-31.99,-0.8
1776309098.3237689,0.2039547166314532,0.5392167686225862,0.5765,47,69.28125,10141620.0,-0.482,-0.014,0.767,-32.16,-0.86
1776309098.423504,0.21112171800165475,0.5351076365443029,0.57525,47,68.46875,10257244.0,-0.481,-0.011,0.768,-32.08,-0.71
1776309098.524075,0.20878486815618943,0.5360237320576419,0.57525,47,68.71875,10372872.0,-0.48,-0.011,0.77,-31.93,-0.71
1776309098.6226938,0.20528215912192066,0.5413873245156765,0.579,47,69.234375,10488500.0,-0.48,-0.011,0.767,-32.07,-0.71
1776309098.7226295,0.21044599945789752,0.5372536470906145,0.577,47,68.609375,10546308.0,-0.479,-0.012,0.769,-31.96,-0.77
1776309098.8235784,0.21476768593727724,0.5366179656675193,0.578,47,68.1875,10661932.0,-0.48,-0.009,0.77,-31.96,-0.59
1776309098.922511,0.20480982962055666,0.5410315921374634,0.5785,47,69.265625,10777536.0,-0.479,-0.01,0.769,-31.96,-0.65
1776309099.0217772,0.2093689375042294,0.5427685607221093,0.58175,47,68.90625,10893184.0,-0.479,-0.01,0.768,-31.96,-0.65
1776309099.1224046,0.20796823894566976,0.5339271594420317,0.573,47,68.71875,10951000.0,-0.48,-0.013,0.769,-31.98,-0.8
1776309099.222088,0.20760342600482296,0.530849147603215,0.57,47,68.640625,11066624.0,-0.48,-0.013,0.77,-31.95,-0.83
1776309099.3220992,0.2081663864150208,0.5392130892021374,0.578,47,68.890625,11182260.0,-0.479,-0.012,0.769,-31.91,-0.74
1776309099.420662,0.20652109391725154,0.5406483147733115,0.57875,47,69.09375,11240084.0,-0.479,-0.01,0.766,-32.04,-0.62
1776309099.5210721,0.20351350273739513,0.5393834482105994,0.5765,47,69.328125,11355704.0,-0.48,-0.011,0.769,-31.99,-0.68
1776309099.6213672,0.21007669251541888,0.5384717107349114,0.578,47,68.6875,11471328.0,-0.482,-0.013,0.769,-32.09,-0.8
1776309099.720008,0.2077679507246973,0.5425803891145161,0.581,47,69.046875,11586952.0,-0.482,-0.009,0.77,-32.06,-0.59
1776309099.8197725,0.20988554634343787,0.5401558177379159,0.5795,47,68.765625,11644752.0,-0.482,-0.013,0.77,-32.08,-0.83
1776309099.920323,0.2057496232961137,0.5390696546027306,0.577,47,69.109375,11760372.0,-0.481,-0.013,0.769,-32.03,-0.8
1776309100.0187986,0.20673686230709984,0.5368169448363337,0.57525,47,68.9375,11876008.0,-0.479,-0.012,0.77,-31.9,-0.77
1776309100.1183755,0.20253959283869377,0.5354754553971042,0.5725,47,69.28125,11933820.0,-0.478,-0.01,0.768,-31.89,-0.65
1776309100.2188547,0.20571172746021021,0.5372106176215584,0.57525,47,69.046875,12049456.0,-0.48,-0.009,0.769,-31.98,-0.56
1776309100.3183331,0.2057236213724025,0.5438934101544386,0.5815,47,69.28125,12165064.0,-0.48,-0.012,0.771,-31.88,-0.74
1776309100.4184866,0.21007669251541888,0.5384717107349114,0.578,47,68.6875,12280676.0,-0.481,-0.011,0.768,-32.05,-0.68
1776309100.5185943,0.20826425329328876,0.5407829978837989,0.5795,47,68.9375,12338500.0,-0.48,-0.012,0.768,-32.03,-0.74
1776309100.6179314,0.20878791565704824,0.5395089028696239,0.5785,47,68.84375,12454128.0,-0.48,-0.013,0.769,-32.01,-0.8
1776309100.717351,0.20761454826666143,0.5479892328760029,0.586,47,69.25,12569748.0,-0.479,-0.012,0.769,-31.89,-0.74
1776309100.8147798,0.2090014378844315,0.5404985189269625,0.5795,47,68.859375,12685392.0,-0.481,-0.011,0.767,-32.1,-0.71
1776309100.915966,0.20398442341876444,0.539740080967232,0.577,47,69.296875,12743204.0,-0.482,-0.012,0.77,-32.04,-0.74
1776309101.0171158,0.20708395311572664,0.541236072672511,0.5795,47,69.0625,12858816.0,-0.481,-0.012,0.768,-32.08,-0.77
1776309101.1160033,0.20433794928257512,0.5406755057176086,0.578,47,69.296875,12974428.0,-0.481,-0.012,0.77,-32.01,-0.77
1776309101.2161846,0.20971439478403245,0.5332437272208337,0.573,47,68.53125,13032228.0,-0.48,-0.011,0.772,-31.9,-0.71
1776309101.3160763,0.20292500570365715,0.5396051260506805,0.5765,47,69.390625,13147876.0,-0.481,-0.012,0.768,-32.05,-0.77
1776309101.416424,0.21392496296566446,0.5315685376507332,0.573,47,68.078125,13263508.0,-0.481,-0.012,0.771,-31.95,-0.74
1776309101.5150957,0.20486823807829116,0.5420786428431733,0.5795,47,69.296875,13379144.0,-0.48,-0.011,0.768,-32.04,-0.71
1776309101.6151702,0.21027948185253906,0.5233340611042125,0.564,47,68.109375,13436952.0,-0.482,-0.014,0.771,-32.02,-0.86
1776309101.714753,0.21007403564455862,0.5320271605360094,0.572,47,68.453125,13552552.0,-0.479,-0.012,0.768,-31.92,-0.77
1776309101.812909,0.20865244493349952,0.5374164188255444,0.5765,47,68.78125,13668180.0,-0.479,-0.014,0.764,-32.08,-0.87
1776309101.9133344,0.20498368432709765,0.5388264462326332,0.5765,47,69.171875,13725992.0,-0.481,-0.012,0.768,-32.05,-0.77
1776309102.0129251,0.20634576462451298,0.5415179363802506,0.5795,47,69.140625,13841604.0,-0.478,-0.013,0.769,-31.83,-0.8
1776309102.1133053,0.20898710171468854,0.5335291850657229,0.573,47,68.609375,13957248.0,-0.484,-0.012,0.77,-32.16,-0.74
1776309102.2148755,0.20233802128823253,0.5371548427978312,0.574,47,69.359375,14072864.0,-0.48,-0.012,0.767,-32.07,-0.77
1776309102.312657,0.21033396102851698,0.53353713538802,0.5735,47,68.484375,14130664.0,-0.479,-0.011,0.771,-31.85,-0.71
1776309102.4122016,0.20681937870319922,0.5418724431015316,0.58,47,69.109375,14246300.0,-0.481,-0.011,0.771,-31.97,-0.68
1776309102.5112832,0.20374772160178106,0.5382258967590496,0.5755,47,69.265625,14361940.0,-0.479,-0.012,0.768,-31.99,-0.77
1776309102.610779,0.20761454826666143,0.5479892328760029,0.586,47,69.25,14419744.0,-0.48,-0.012,0.77,-31.98,-0.74
1776309102.711082,0.20448142368687952,0.5379475786421822,0.5755,47,69.1875,14535360.0,-0.479,-0.013,0.771,-31.82,-0.83
1776309102.8115296,0.21196117362701844,0.5406875469017729,0.58075,47,68.59375,14651000.0,-0.48,-0.012,0.768,-32.0,-0.77
1776309102.911693,0.20823190093797395,0.5402596370558861,0.579,47,68.921875,14766616.0,-0.48,-0.011,0.768,-32.0,-0.71
1776309103.0114894,0.20921443586062058,0.5414882914962449,0.5805,47,68.875,14824416.0,-0.481,-0.013,0.771,-31.95,-0.83
1776309103.1101668,0.20916271857928223,0.5431159702646609,0.582,47,68.9375,14940048.0,-0.479,-0.012,0.772,-31.8,-0.74
1776309103.208941,0.2086164136595087,0.5304518752458556,0.57,47,68.53125,15055668.0,-0.479,-0.012,0.77,-31.91,-0.77
1776309103.309626,0.21458870471186578,0.5323792706427286,0.574,47,68.046875,15171308.0,-0.479,-0.01,0.77,-31.87,-0.65
1776309103.4087887,0.2034240452091684,0.5378137761630304,0.575,47,69.28125,15229124.0,-0.48,-0.011,0.767,-32.06,-0.68
1776309103.507778,0.20909648309947954,0.5350971040432092,0.5745,47,68.65625,15344760.0,-0.479,-0.014,0.77,-31.91,-0.89
1776309103.6082063,0.20280747150500175,0.5375122133512391,0.5745,47,69.328125,15460372.0,-0.482,-0.011,0.769,-32.11,-0.68
1776309103.7099853,0.21593759974802357,0.5323731802176574,0.5745,47,67.921875,15518196.0,-0.481,-0.013,0.769,-32.03,-0.83
1776309103.8081484,0.2066425482170527,0.5331012284419939,0.57175,47,68.8125,15633808.0,-0.48,-0.012,0.767,-32.03,-0.77
1776309103.907799,0.20788563425835743,0.537177403721527,0.576,47,68.84375,15749436.0,-0.478,-0.011,0.771,-31.77,-0.71
1776309104.00719,0.20860230438167507,0.5465437572662,0.585,47,69.109375,15865088.0,-0.481,-0.01,0.771,-31.98,-0.62
1776309104.1072378,0.20809483819823849,0.5429905968939508,0.5815,47,69.03125,15922892.0,-0.48,-0.01,0.769,-31.99,-0.65
1776309104.2065668,0.2109169145260308,0.5265801151456624,0.56725,47,68.171875,16038528.0,-0.482,-0.011,0.769,-32.09,-0.71
1776309104.3056545,0.21042882213207487,0.5415539777493168,0.581,47,68.765625,16154144.0,-0.48,-0.011,0.771,-31.91,-0.71
1776309104.4065218,0.20553978418373545,0.5380793594979307,0.576,47,69.09375,16211956.0,-0.479,-0.011,0.771,-31.85,-0.71
1776309104.5052643,0.21028112837183557,0.5416113431702364,0.581,47,68.78125,16327592.0,-0.481,-0.014,0.767,-32.08,-0.87
1776309104.6057446,0.20579059927030893,0.5326267260023355,0.571,47,68.875,16443212.0,-0.479,-0.012,0.769,-31.91,-0.77
1776309104.705527,0.2103350500312022,0.5378340048085205,0.5775,47,68.640625,16558836.0,-0.48,-0.01,0.769,-32.01,-0.65
1776309104.805899,0.20969767109171372,0.5362042047939493,0.57575,47,68.640625,16616648.0,-0.481,-0.011,0.77,-31.99,-0.68
1776309104.9043238,0.2033836382222027,0.5346205156028901,0.572,47,69.171875,16732280.0,-0.481,-0.013,0.769,-32.06,-0.8
1776309105.005132,0.20377782615735826,0.5387491044694008,0.576,47,69.28125,16847900.0,-0.481,-0.011,0.769,-32.02,-0.71
1776309105.1034229,0.20729954104415324,0.5374038521288096,0.576,47,68.90625,16963528.0,-0.479,-0.01,0.77,-31.88,-0.62
1776309105.2027442,0.2087771361483994,0.5381725280257927,0.57725,47,68.796875,17021332.0,-0.48,-0.01,0.769,-32.01,-0.62
1776309105.303623,0.2064768303517464,0.5339696325896223,0.5725,47,68.859375,17136956.0,-0.48,-0.01,0.773,-31.82,-0.65
1776309105.4034784,0.20745993297842472,0.5330519451316048,0.572,47,68.734375,17252580.0,-0.48,-0.013,0.769,-31.99,-0.8
1776309105.5023136,0.20896837193678638,0.5399752026992433,0.579,47,68.84375,17310384.0,-0.483,-0.015,0.768,-32.15,-0.93
1776309105.6018498,0.20803943397484476,0.5349725169683263,0.574,47,68.75,17426024.0,-0.479,-0.013,0.766,-32.03,-0.81
1776309105.7014024,0.20533431602856353,0.5451092263584263,0.5825,47,69.359375,17541648.0,-0.48,-0.012,0.77,-31.98,-0.74
1776309105.8010614,0.2101412058673288,0.5309252994505205,0.571,47,68.40625,17657288.0,-0.482,-0.012,0.771,-32.02,-0.77
1776309105.9006689,0.202660880248402,0.5375675005215093,0.5745,47,69.34375,17715096.0,-0.479,-0.012,0.767,-32.0,-0.77
1776309106.0011563,0.20529720632439163,0.5365662187236541,0.5745,47,69.0625,17830724.0,-0.48,-0.015,0.77,-31.95,-0.93
1776309106.0992496,0.20720472632164522,0.5336875971858182,0.5725,47,68.78125,17946352.0,-0.479,-0.011,0.771,-31.89,-0.71
1776309106.2002816,0.2050045243290903,0.5366781111659049,0.5745,47,69.09375,18061992.0,-0.479,-0.013,0.771,-31.89,-0.83
1776309106.3004189,0.21247454097877833,0.5321499501417409,0.573,47,68.234375,18119812.0,-0.479,-0.013,0.774,-31.71,-0.83
1776309106.4001095,0.2070279285709994,0.5428631842293241,0.581,47,69.125,18235432.0,-0.48,-0.012,0.77,-31.95,-0.74
1776309106.4986198,0.2048581604568758,0.5367339975203964,0.5745,47,69.109375,18351056.0,-0.48,-0.013,0.769,-31.97,-0.8
1776309106.597942,0.20960045113826933,0.531676500216658,0.5715,47,68.484375,18408868.0,-0.482,-0.01,0.771,-32.03,-0.65
1776309106.696963,0.20776760544613201,0.5342735110663642,0.57325,47,68.75,18524492.0,-0.478,-0.011,0.77,-31.82,-0.68
1776309106.7977104,0.20708593804262448,0.5364144053481471,0.575,47,68.890625,18640128.0,-0.479,-0.012,0.771,-31.84,-0.74
1776309106.8986938,0.211049592679598,0.5311029273406199,0.5715,47,68.328125,18755776.0,-0.479,-0.01,0.766,-32.04,-0.65
1776309106.9972773,0.2102275264901638,0.5362652208616809,0.576,47,68.59375,18813580.0,-0.479,-0.011,0.77,-31.9,-0.68
1776309107.0972984,0.2078381032143315,0.5353189566531984,0.57425,47,68.78125,18929212.0,-0.479,-0.011,0.769,-31.89,-0.71
1776309107.1978512,0.20701924393135696,0.5289300829430004,0.568,47,68.625,19044832.0,-0.48,-0.014,0.769,-32.01,-0.86
1776309107.2966583,0.20931082270449194,0.5430589097867456,0.582,47,68.921875,19102632.0,-0.48,-0.013,0.771,-31.9,-0.8
1776309107.3955615,0.2023676525307487,0.5376779549220836,0.5745,47,69.375,19218260.0,-0.479,-0.012,0.771,-31.87,-0.74
1776309107.495004,0.20515806339677933,0.5446413214430971,0.582,47,69.359375,19333916.0,-0.479,-0.011,0.771,-31.88,-0.68
1776309107.5948997,0.20847148010701771,0.5369503161205785,0.576,47,68.78125,19449564.0,-0.48,-0.012,0.77,-31.98,-0.77
1776309107.694769,0.20518294428063868,0.5371451939432468,0.575,47,69.09375,19507380.0,-0.478,-0.011,0.771,-31.77,-0.71
1776309107.7959714,0.20480889018721443,0.5396951741495208,0.57725,47,69.21875,19623020.0,-0.48,-0.01,0.769,-31.99,-0.65
1776309107.8966284,0.2045122416280949,0.5384707448174428,0.576,47,69.203125,19738636.0,-0.481,-0.012,0.769,-32.02,-0.77
1776309107.9937775,0.20698335285966665,0.5348459045734302,0.5735,47,68.84375,19796444.0,-0.48,-0.008,0.771,-31.93,-0.52
1776309108.093833,0.20686789887502466,0.5389093011955097,0.57725,47,69.0,19912064.0,-0.48,-0.011,0.77,-31.95,-0.71
1776309108.1952758,0.20698951147707895,0.5396659542147162,0.578,47,69.015625,20027684.0,-0.481,-0.012,0.768,-32.05,-0.74
1776309108.293681,0.2064673227213018,0.536117053122075,0.5745,47,68.9375,20143304.0,-0.479,-0.01,0.77,-31.91,-0.65
1776309108.3924882,0.20794182721998877,0.5368875664349215,0.57575,47,68.828125,20201120.0,-0.479,-0.01,0.769,-31.96,-0.65
1776309108.4932833,0.20854718733882022,0.5256408666124306,0.5655,47,68.359375,20316752.0,-0.48,-0.012,0.77,-31.98,-0.77
1776309108.5919976,0.20659912291286567,0.5382091158756368,0.5765,47,69.0,20432364.0,-0.48,-0.011,0.772,-31.87,-0.71
1776309108.6930652,0.20414499018548546,0.5348654718545292,0.5725,47,69.109375,20547992.0,-0.481,-0.012,0.771,-32.0,-0.77
1776309108.7914279,0.21212736887683828,0.5355165537809169,0.576,47,68.390625,20605796.0,-0.481,-0.013,0.768,-32.08,-0.8
1776309108.8922787,0.20907698677566608,0.5286577944198004,0.5685,47,68.421875,20721420.0,-0.479,-0.013,0.773,-31.78,-0.8
1776309108.9895473,0.2102584197580793,0.5389375167130559,0.5785,47,68.6875,20837052.0,-0.479,-0.011,0.771,-31.87,-0.71
1776309109.0908432,0.20667774316394022,0.5336238122316698,0.57225,47,68.828125,20894896.0,-0.482,-0.011,0.772,-31.97,-0.68
1776309109.1911561,0.2123694186817751,0.5327302131555568,0.5735,47,68.265625,21010536.0,-0.482,-0.011,0.768,-32.12,-0.71
1776309109.2886865,0.2092292304232985,0.5393379081211279,0.5785,47,68.796875,21126176.0,-0.48,-0.012,0.772,-31.89,-0.74
1776309109.389206,0.2046590791375197,0.5384149527330964,0.576,47,69.1875,21241800.0,-0.481,-0.012,0.776,-31.79,-0.74
1776309109.4901536,0.20430849757964306,0.5401520969289566,0.5775,47,69.28125,21299616.0,-0.481,-0.011,0.771,-32.0,-0.68
1776309109.5900898,0.2053592463420232,0.5306492061068556,0.569,47,68.84375,21415252.0,-0.479,-0.013,0.767,-32.0,-0.84
1776309109.6886964,0.2056365699057531,0.5348295065882176,0.573,47,68.96875,21530880.0,-0.48,-0.012,0.765,-32.12,-0.77
1776309109.7886233,0.20382095549502866,0.534453943853999,0.572,47,69.125,21588684.0,-0.48,-0.011,0.768,-32.02,-0.68
1776309109.8872461,0.20532011834321082,0.5322723917352186,0.5705,47,68.90625,21704324.0,-0.48,-0.011,0.766,-32.08,-0.71
1776309109.9858513,0.20545508862647693,0.54452934407384,0.582,47,69.328125,21819960.0,-0.48,-0.011,0.771,-31.9,-0.68
1776309110.0872626,0.20967796728701543,0.5370171319747493,0.5765,47,68.671875,21935580.0,-0.48,-0.008,0.768,-32.03,-0.52
1776309110.1859968,0.2041261127855991,0.537012830460354,0.5745,47,69.1875,21993372.0,-0.48,-0.012,0.771,-31.88,-0.77
1776309110.2869833,0.2056835867260007,0.5289144658179881,0.5675,47,68.75,22108992.0,-0.481,-0.01,0.77,-31.99,-0.62
1776309110.3865397,0.20865461754944734,0.5309741053717157,0.5705,47,68.546875,22224628.0,-0.482,-0.011,0.771,-32.01,-0.71
1776309110.48701,0.20773697949110478,0.5420568211469277,0.5805,47,69.03125,22340260.0,-0.479,-0.009,0.768,-31.95,-0.56
1776309110.585546,0.20684233272327057,0.5397223817793698,0.578,47,69.03125,22398076.0,-0.48,-0.01,0.771,-31.9,-0.65
1776309110.684903,0.20463281161742736,0.5405639762410611,0.578,47,69.265625,22513704.0,-0.48,-0.013,0.771,-31.94,-0.8
1776309110.7837317,0.2102260541331787,0.5341170341447591,0.574,47,68.515625,22629324.0,-0.482,-0.012,0.767,-32.14,-0.77
1776309110.8846219,0.20412988448090816,0.5383484492053554,0.57575,47,69.234375,22687160.0,-0.478,-0.012,0.767,-31.94,-0.77
1776309110.9847405,0.20652380238518986,0.5419851649707426,0.58,47,69.140625,22802788.0,-0.479,-0.012,0.765,-32.04,-0.77
1776309111.08446,0.20575551391383637,0.5321042364932392,0.5705,47,68.859375,22918412.0,-0.482,-0.01,0.768,-32.1,-0.65
1776309111.1840215,0.20760529262988325,0.5329953493906494,0.572,47,68.71875,23034040.0,-0.48,-0.013,0.768,-32.02,-0.83
1776309111.2816474,0.2068783401938232,0.5332779316253848,0.572,47,68.796875,23091844.0,-0.48,-0.011,0.765,-32.1,-0.71
1776309111.3822005,0.20774762080109055,0.5350859053007154,0.574,47,68.78125,23207460.0,-0.48,-0.011,0.767,-32.03,-0.71
1776309111.4832485,0.21248782483661147,0.5342975989991022,0.575,47,68.3125,23323064.0,-0.48,-0.012,0.771,-31.94,-0.74
1776309111.5826938,0.20474905739408356,0.5426581092144798,0.58,47,69.328125,23380876.0,-0.48,-0.01,0.769,-31.99,-0.65
1776309111.68175,0.20865936118081313,0.5331205501494151,0.5725,47,68.625,23496500.0,-0.482,-0.013,0.769,-32.09,-0.8
1776309111.781676,0.2047747981470522,0.5378359713182393,0.5755,47,69.15625,23612136.0,-0.48,-0.01,0.773,-31.86,-0.61
1776309111.8818214,0.20853900165038086,0.5428201680028686,0.5815,47,68.984375,23727756.0,-0.48,-0.012,0.771,-31.92,-0.74
1776309111.981367,0.20681937870319922,0.5418724431015316,0.58,47,69.109375,23785584.0,-0.48,-0.01,0.768,-32.04,-0.65
1776309112.0813293,0.2037073361236966,0.5350323085659289,0.5725,47,69.15625,23901204.0,-0.481,-0.014,0.783,-31.58,-0.85
1776309112.1805146,0.20687939999831023,0.531131729287885,0.57,47,68.71875,24016832.0,-0.48,-0.013,0.772,-31.89,-0.8
1776309112.380784,0.2037073361236966,0.5350323085659289,0.5725,47,69.15625,24190292.0,-0.477,-0.01,0.767,-31.88,-0.65
1776309112.4783914,0.20374772160178106,0.5382258967590496,0.5755,47,69.265625,24305908.0,-0.479,-0.012,0.77,-31.92,-0.74
1776309112.5778604,0.20666972473021702,0.5357711147308488,0.57425,47,68.90625,24421536.0,-0.48,-0.012,0.77,-31.93,-0.74
1776309112.6785312,0.2045941538117666,0.5325518587199252,0.5705,47,68.984375,24479340.0,-0.478,-0.01,0.769,-31.86,-0.65
1776309112.7785754,0.20562232644871076,0.5369771492957776,0.575,47,69.046875,24594968.0,-0.479,-0.011,0.768,-31.95,-0.68
1776309112.8776019,0.20482610437754192,0.5362110283885629,0.574,47,69.09375,24710604.0,-0.478,-0.011,0.768,-31.91,-0.68
1776309112.9776316,0.20374804234250593,0.5408980821204641,0.578,47,69.359375,24826236.0,-0.481,-0.012,0.771,-31.98,-0.74
1776309113.0762959,0.20751843253498498,0.5276600232708774,0.567,47,68.53125,24884048.0,-0.48,-0.01,0.769,-31.99,-0.65
1776309113.1758828,0.2039484573349589,0.5365454563694397,0.574,47,69.1875,24999672.0,-0.478,-0.013,0.77,-31.84,-0.83
1776309113.2752721,0.20320585532165883,0.5341531899773632,0.5715,47,69.171875,25115300.0,-0.48,-0.01,0.768,-32.0,-0.65
1776309113.376656,0.21386508116843,0.5356326068835063,0.57675,47,68.234375,25173112.0,-0.478,-0.01,0.771,-31.81,-0.65
1776309113.4756184,0.20289602760263054,0.5390818138122195,0.576,47,69.375,25288744.0,-0.482,-0.012,0.772,-31.98,-0.74
1776309113.5764086,0.20920322741154052,0.5323701810212469,0.572,47,68.546875,25404380.0,-0.48,-0.01,0.771,-31.9,-0.65
1776309113.676728,0.2117090304178899,0.5319168510580549,0.5725,47,68.296875,25520008.0,-0.479,-0.012,0.767,-31.98,-0.74
1776309113.7767005,0.20242614760412464,0.5373887952554958,0.57425,47,69.359375,25577832.0,-0.481,-0.012,0.772,-31.93,-0.77
1776309113.876614,0.20307026426097854,0.53687844785666,0.574,47,69.28125,25693468.0,-0.479,-0.013,0.768,-31.99,-0.8
1776309113.9773936,0.20198642972866854,0.5375542248977917,0.57425,47,69.40625,25809084.0,-0.479,-0.011,0.769,-31.96,-0.68
1776309114.077989,0.20666898763030428,0.5271878147793869,0.56625,47,68.59375,25924728.0,-0.48,-0.012,0.768,-32.0,-0.77
1776309114.1782992,0.20643188394147738,0.5404147733846406,0.5785,47,69.09375,25982528.0,-0.479,-0.011,0.769,-31.94,-0.71
1776309114.5565538,0.17286784775233832,0.5410551794535141,0.568,47,72.28125,26387212.0,-0.482,-0.014,0.772,-31.97,-0.86
1776309116.9273129,0.2076623217657009,0.5276034117771401,0.567,47,68.515625,28757516.0,-0.48,-0.011,0.769,-32.01,-0.68
1776309117.042081,0.20707207824715454,0.5385630459012243,0.577,47,68.96875,28873148.0,-0.481,-0.012,0.769,-32.04,-0.77
1776309117.1529565,0.20659912291286567,0.5382091158756368,0.5765,47,69.0,28988776.0,-0.48,-0.011,0.769,-32.01,-0.68
1776309117.2575676,0.2097162445126557,0.5273284998817227,0.5675,47,68.3125,29046580.0,-0.481,-0.013,0.771,-31.97,-0.8
1776309117.3588734,0.21002232217410807,0.5293589275610596,0.5695,47,68.359375,29162220.0,-0.481,-0.013,0.772,-31.9,-0.8
1776309117.4575813,0.20684976340011216,0.5423960042084728,0.5805,47,69.125,29277840.0,-0.478,-0.008,0.769,-31.88,-0.53
1776309117.553777,0.2077700667099281,0.5452557651041867,0.5835,47,69.140625,29393460.0,-0.479,-0.01,0.767,-32.0,-0.62
1776309117.6484995,0.20532011834321082,0.5322723917352186,0.5705,47,68.90625,29451256.0,-0.48,-0.011,0.769,-31.99,-0.68
1776309117.7442844,0.2104307494267085,0.5308106062389049,0.571,47,68.375,29566872.0,-0.481,-0.009,0.767,-32.09,-0.56
1776309117.8421228,0.20460100562185712,0.5387044560782144,0.57625,47,69.203125,29682496.0,-0.481,-0.011,0.768,-32.05,-0.71
1776309117.9406097,0.20890036671680717,0.5464299010720254,0.585,47,69.078125,29740320.0,-0.48,-0.012,0.769,-32.01,-0.77
1776309118.0389004,0.20979858891950023,0.5313295724758661,0.57125,47,68.453125,29855936.0,-0.481,-0.011,0.769,-32.06,-0.71
1776309118.1407611,0.2114654219832823,0.5233952859029515,0.5645,47,68.0,29971576.0,-0.48,-0.01,0.768,-32.03,-0.65
1776309118.2400138,0.20510243374003356,0.5269945366642003,0.5655,47,68.734375,30029376.0,-0.481,-0.012,0.77,-32.01,-0.74
1776309118.340916,0.20828012144652147,0.5386331228305796,0.5775,47,68.859375,30144988.0,-0.481,-0.011,0.769,-32.02,-0.68
1776309118.4421787,0.20430502779431547,0.5428254375192488,0.58,47,69.375,30260624.0,-0.485,-0.013,0.783,-31.78,-0.82
1776309118.5429976,0.21074087048695347,0.544114450742122,0.5835,47,68.828125,30376240.0,-0.481,-0.011,0.772,-31.92,-0.71
1776309118.6423767,0.20419049531490382,0.5407312101433153,0.578,47,69.3125,30434056.0,-0.479,-0.009,0.761,-32.18,-0.59
1776309118.7436051,0.20633498052463048,0.5297340142108116,0.5685,47,68.71875,30549688.0,-0.479,-0.01,0.767,-32.02,-0.65
1776309118.845045,0.20708311170966487,0.5465865300614738,0.5845,47,69.25,30665328.0,-0.479,-0.012,0.768,-31.96,-0.74
1776309118.945038,0.20768082360231602,0.5436843528260342,0.582,47,69.09375,30780952.0,-0.479,-0.011,0.765,-32.05,-0.68
1776309119.0448415,0.20715297917145595,0.5374603643250266,0.576,47,68.921875,30838764.0,-0.479,-0.01,0.77,-31.92,-0.65
1776309119.144935,0.20517495593283963,0.5323283643184509,0.5705,47,68.921875,30954388.0,-0.48,-0.014,0.769,-31.98,-0.9
1776309119.2466824,0.20687761631716875,0.5455949980222751,0.5835,47,69.234375,31070008.0,-0.483,-0.011,0.771,-32.08,-0.71
1776309119.3480933,0.20444891521559386,0.5326076333166536,0.5705,47,69.0,31185640.0,-0.482,-0.012,0.766,-32.17,-0.77
1776309119.4479969,0.20502977826371221,0.532384297312696,0.5705,47,68.9375,31243464.0,-0.481,-0.013,0.766,-32.14,-0.8
1776309119.549192,0.20901437458646308,0.5383486242354759,0.5775,47,68.78125,31359092.0,-0.479,-0.013,0.771,-31.84,-0.83
1776309119.6489873,0.20606157098854772,0.536808745235891,0.575,47,69.0,31474728.0,-0.479,-0.012,0.768,-31.92,-0.74
1776309119.7493212,0.20991770878437122,0.529938256345699,0.57,47,68.390625,31532544.0,-0.48,-0.014,0.771,-31.92,-0.86
1776309119.8517265,0.20339553707893757,0.5399622722898059,0.577,47,69.359375,31648172.0,-0.479,-0.009,0.766,-32.01,-0.59
1776309119.9521537,0.20625797819328162,0.5426213195513238,0.5805,47,69.1875,31763796.0,-0.479,-0.008,0.774,-31.73,-0.49
1776309120.05221,0.20675231425544077,0.5325223404234037,0.57125,47,68.78125,31879436.0,-0.48,-0.011,0.771,-31.9,-0.68
1776309120.1529932,0.20341549098303827,0.5351433340966973,0.5725,47,69.1875,31937248.0,-0.479,-0.008,0.773,-31.81,-0.52
1776309120.2535963,0.20442592892468198,0.5395730159888287,0.577,47,69.25,32052884.0,-0.483,-0.012,0.768,-32.17,-0.77
1776309120.3530369,0.20840498743358166,0.5337568371579035,0.573,47,68.671875,32168516.0,-0.481,-0.009,0.768,-32.07,-0.59
1776309120.454509,0.20220437779027786,0.532394252037385,0.5695,47,69.203125,32284136.0,-0.481,-0.012,0.769,-32.04,-0.74
1776309120.553585,0.20942352426963617,0.533358029359721,0.573,47,68.5625,32341956.0,-0.479,-0.012,0.771,-31.84,-0.77
1776309120.654205,0.20604895564246148,0.5443049034122794,0.582,47,69.265625,32457596.0,-0.48,-0.013,0.771,-31.92,-0.83
1776309120.754654,0.20840498743358166,0.5337568371579035,0.573,47,68.671875,32573216.0,-0.479,-0.013,0.771,-31.87,-0.83
1776309120.8547158,0.20712920175538613,0.5347894387328311,0.5735,47,68.828125,32688844.0,-0.48,-0.012,0.769,-31.99,-0.77
1776309120.9535027,0.20720416715799553,0.541993077088962,0.58025,47,69.078125,32746672.0,-0.478,-0.013,0.768,-31.89,-0.8
1776309121.0541377,0.2057824143796957,0.5347734080262996,0.573,47,68.953125,32862300.0,-0.479,-0.014,0.77,-31.9,-0.86
1776309121.154015,0.21342452772391385,0.5290748727409235,0.5705,47,68.03125,32977904.0,-0.479,-0.014,0.765,-32.09,-0.87
1776309121.2534409,0.2074957161097004,0.5314280551458708,0.5705,47,68.671875,33035720.0,-0.482,-0.01,0.767,-32.14,-0.62
1776309121.3525407,0.2106542621485269,0.531797688824105,0.572,47,68.390625,33151356.0,-0.481,-0.012,0.768,-32.05,-0.74
1776309121.6087503,0.18179409219475173,0.5423420581543404,0.572,47,71.46875,33440448.0,-0.48,-0.011,0.771,-31.92,-0.68
1776309124.00385,0.20434898386386194,0.5288955405312159,0.567,47,68.875,35810816.0,-0.479,-0.01,0.77,-31.9,-0.62
1776309124.1206222,0.2149799579797859,0.5246642904439079,0.567,47,67.71875,35926428.0,-0.48,-0.012,0.769,-31.97,-0.74
1776309124.231638,0.20513161066760915,0.5253732219145856,0.564,47,68.671875,36042060.0,-0.481,-0.012,0.769,-32.06,-0.77
1776309124.3369775,0.2070608731562035,0.5315976343135761,0.5705,47,68.71875,36157696.0,-0.481,-0.01,0.772,-31.91,-0.65
1776309124.4373336,0.20847148010701771,0.5369503161205785,0.576,47,68.78125,36215516.0,-0.479,-0.012,0.768,-31.96,-0.74
1776309124.536202,0.20321666759239326,0.5368230490698427,0.574,47,69.265625,36331160.0,-0.479,-0.011,0.771,-31.83,-0.71
1776309124.6323223,0.20362460169047297,0.5361336322097283,0.5735,47,69.203125,36446792.0,-0.481,-0.011,0.77,-32.01,-0.71
1776309124.72959,0.21301964798833337,0.526002737227599,0.5675,47,67.953125,36562420.0,-0.481,-0.011,0.767,-32.08,-0.68
1776309124.825828,0.20489759044281736,0.5399289096082257,0.5775,47,69.21875,36620232.0,-0.48,-0.013,0.772,-31.89,-0.8
1776309124.9219744,0.20811707866545437,0.5258113079496837,0.5655,47,68.40625,36735868.0,-0.48,-0.01,0.767,-32.05,-0.62
1776309125.021378,0.20735025932979842,0.5336310710180445,0.5725,47,68.765625,36851488.0,-0.483,-0.011,0.768,-32.18,-0.68
1776309125.120539,0.21030884124653793,0.5254771082488165,0.566,47,68.1875,36909328.0,-0.48,-0.011,0.77,-31.98,-0.68
1776309125.221654,0.20653882394802628,0.5264332476223041,0.5655,47,68.578125,37024960.0,-0.48,-0.011,0.771,-31.94,-0.71
1776309125.3227358,0.20651645368252372,0.5301999192365027,0.569,47,68.71875,37140588.0,-0.479,-0.011,0.769,-31.96,-0.71
1776309125.4343493,0.21064583927550806,0.5532561164559474,0.592,47,69.15625,37256212.0,-0.48,-0.012,0.769,-31.97,-0.77
1776309125.5237489,0.21742325996663678,0.5677949682988396,0.608,47,69.046875,37314024.0,-0.482,-0.011,0.773,-31.94,-0.68
1776309125.626246,0.22036961385961573,0.5773744307530113,0.618,47,69.109375,37429672.0,-0.481,-0.01,0.769,-32.04,-0.62
1776309125.7285478,0.20497232563324327,0.5361551507954574,0.574,47,69.078125,37545316.0,-0.482,-0.011,0.77,-32.06,-0.68
1776309125.8311753,0.21059247845442983,0.5441719011658178,0.5835,47,68.84375,37660956.0,-0.478,-0.009,0.769,-31.86,-0.59
1776309125.9325027,0.20744130247399362,0.5421700434622824,0.5805,47,69.0625,37718760.0,-0.481,-0.012,0.769,-32.06,-0.77
1776309126.034128,0.2086444097069808,0.5288286681885027,0.5685,47,68.46875,37834388.0,-0.48,-0.012,0.771,-31.9,-0.77
1776309126.136235,0.2092562467119471,0.5446871333270401,0.5835,47,68.984375,37950012.0,-0.479,-0.01,0.769,-31.94,-0.65
1776309126.2373853,0.20785821495570292,0.5345065130336849,0.5735,47,68.75,38065632.0,-0.481,-0.012,0.771,-31.98,-0.74
1776309126.3390994,0.21050735788854613,0.5452769042191166,0.5845,47,68.890625,38123448.0,-0.477,-0.013,0.774,-31.65,-0.8
1776309126.4402878,0.21158780626094242,0.5480755880731069,0.5875,47,68.890625,38239084.0,-0.483,-0.011,0.768,-32.16,-0.68
1776309126.5420473,0.21358269551605583,0.5273930528326058,0.569,47,67.953125,38354724.0,-0.479,-0.011,0.771,-31.89,-0.68
1776309126.644107,0.2093881265595995,0.555871039410996,0.594,47,69.359375,38470368.0,-0.479,-0.011,0.769,-31.94,-0.71
1776309126.744852,0.20822313316880542,0.5332910807554969,0.5725,47,68.671875,38528188.0,-0.483,-0.009,0.771,-32.1,-0.58
1776309126.8447382,0.20692834365173862,0.5479814988606349,0.58575,47,69.3125,38643812.0,-0.48,-0.01,0.771,-31.9,-0.65
1776309126.9469783,0.2059619935100528,0.542733735112684,0.5805,47,69.21875,38759432.0,-0.481,-0.012,0.771,-31.95,-0.74
1776309127.04824,0.2076709520651212,0.5361881905342247,0.575,47,68.828125,38875060.0,-0.479,-0.013,0.769,-31.9,-0.8
1776309127.1506495,0.21002864492445575,0.5502808085979347,0.589,47,69.109375,38932880.0,-0.481,-0.01,0.766,-32.12,-0.65
1776309127.252666,0.2035529953417306,0.5302736822504105,0.568,47,69.0,39048516.0,-0.48,-0.012,0.771,-31.88,-0.74
1776309127.3525167,0.21027936137636952,0.5381241981914083,0.57775,47,68.65625,39164140.0,-0.479,-0.013,0.769,-31.91,-0.8
1776309127.4543283,0.21569254149618114,0.571662249534564,0.611,47,69.328125,39279760.0,-0.479,-0.01,0.771,-31.88,-0.65
1776309127.5548773,0.2245233076984066,0.5677143069363029,0.6105,47,68.421875,39337580.0,-0.481,-0.011,0.768,-32.05,-0.71
1776309127.6573446,0.2180043686799484,0.5739948564547047,0.614,47,69.203125,39453204.0,-0.481,-0.011,0.769,-32.02,-0.68
1776309127.7583885,0.21314520107526003,0.5485447778063218,0.5885,47,68.765625,39568828.0,-0.478,-0.011,0.769,-31.85,-0.68
1776309127.861484,0.20384218447900135,0.5301625824469591,0.568,47,68.96875,39684468.0,-0.482,-0.011,0.773,-31.95,-0.68
1776309127.962899,0.21174873675022327,0.532439172567801,0.573,47,68.3125,39742284.0,-0.479,-0.012,0.768,-31.97,-0.74
1776309128.06251,0.2118122392646854,0.5442348530714287,0.584,47,68.734375,39857920.0,-0.48,-0.011,0.768,-32.02,-0.71
1776309128.163667,0.2089159710476422,0.5265703818495878,0.5665,47,68.359375,39973548.0,-0.48,-0.01,0.769,-31.97,-0.65
1776309128.2631795,0.20682010546591195,0.5445472375975009,0.5825,47,69.203125,40089176.0,-0.478,-0.012,0.764,-32.03,-0.74
1776309128.364657,0.20489703682118376,0.5426022523929461,0.58,47,69.3125,40146996.0,-0.479,-0.011,0.768,-31.97,-0.68
1776309128.4647057,0.20812866726989937,0.5520710623284429,0.59,47,69.34375,40262624.0,-0.477,-0.011,0.77,-31.78,-0.71
1776309128.5641847,0.20315488286158986,0.5357770931735452,0.573,47,69.234375,40378248.0,-0.478,-0.012,0.769,-31.86,-0.77
1776309128.663666,0.2047611822869911,0.535165262538997,0.573,47,69.0625,40436072.0,-0.479,-0.011,0.768,-31.96,-0.68
1776309128.7657022,0.20922183357489613,0.5248344732918736,0.565,47,68.265625,40551708.0,-0.482,-0.012,0.771,-32.02,-0.77
1776309128.8647187,0.2036891342121901,0.5323633501696828,0.57,47,69.0625,40667336.0,-0.479,-0.011,0.767,-32.0,-0.68
1776309128.9647946,0.2092336961931455,0.5307461826309772,0.5705,47,68.484375,40782960.0,-0.48,-0.01,0.771,-31.93,-0.65
1776309129.062326,0.2095221046936796,0.5440491592170056,0.583,47,68.9375,40840776.0,-0.481,-0.012,0.769,-32.06,-0.77
1776309129.160924,0.20654395636622339,0.5226696797104149,0.562,47,68.4375,40956404.0,-0.479,-0.012,0.767,-32.01,-0.74
1776309129.2623768,0.20824290817287444,0.5429338276398918,0.5815,47,69.015625,41072028.0,-0.479,-0.01,0.769,-31.96,-0.62
1776309129.3600876,0.2089190687085607,0.5416023197235659,0.5805,47,68.90625,41129832.0,-0.481,-0.011,0.77,-32.03,-0.71
1776309129.4604108,0.20436713069147383,0.5411989707057231,0.5785,47,69.3125,41245452.0,-0.48,-0.011,0.769,-32.01,-0.71
1776309129.558089,0.20956896731960264,0.5333008981209344,0.573,47,68.546875,41361088.0,-0.48,-0.014,0.771,-31.9,-0.89
1776309129.6587212,0.20607740232059235,0.5448287384608091,0.5825,47,69.28125,41476712.0,-0.482,-0.011,0.77,-32.06,-0.68
1776309129.757845,0.20292500570365715,0.5396051260506805,0.5765,47,69.390625,41534536.0,-0.48,-0.01,0.77,-31.93,-0.65
1776309129.8578677,0.2087723634855173,0.5266273352615406,0.5665,47,68.375,41650144.0,-0.478,-0.01,0.767,-31.94,-0.62
1776309129.9578598,0.20741399118857431,0.5443213079232027,0.5825,47,69.140625,41765768.0,-0.484,-0.013,0.77,-32.14,-0.8
1776309130.0579178,0.2157924094570496,0.5324320482659933,0.5745,47,67.9375,41881380.0,-0.48,-0.012,0.769,-31.98,-0.77
1776309130.1572893,0.21079100599116624,0.5424860844235841,0.582,47,68.765625,41939204.0,-0.48,-0.01,0.766,-32.07,-0.65
1776309130.2580044,0.20467039214931484,0.5314511083603511,0.5695,47,68.9375,42054828.0,-0.479,-0.01,0.769,-31.96,-0.65
1776309130.3593202,0.20824290817287444,0.5429338276398918,0.5815,47,69.015625,42170456.0,-0.482,-0.011,0.77,-32.06,-0.68
1776309130.4583194,0.21000520291302233,0.5331292664537001,0.573,47,68.5,42228268.0,-0.48,-0.011,0.769,-31.97,-0.71
1776309130.5575876,0.20937373051197658,0.5441062772763223,0.583,47,68.953125,42343888.0,-0.48,-0.011,0.772,-31.87,-0.68
1776309130.6562116,0.20542694295089373,0.5440055340801694,0.5815,47,69.3125,42459524.0,-0.481,-0.011,0.766,-32.12,-0.68
1776309130.7503479,0.20893016387419006,0.5456154773496662,0.58425,47,69.046875,42575176.0,-0.48,-0.01,0.769,-31.97,-0.65
1776309130.855083,0.20442468251340118,0.5422460688463266,0.5795,47,69.34375,42632988.0,-0.478,-0.013,0.769,-31.88,-0.83
1776309130.954642,0.20621985593454828,0.5346048737323054,0.573,47,68.90625,42748620.0,-0.481,-0.014,0.771,-31.94,-0.86
1776309131.0545363,0.21382142347948788,0.5321490851830956,0.5735,47,68.109375,42864256.0,-0.481,-0.012,0.769,-32.02,-0.74
1776309131.154053,0.20316048712119844,0.5384478307809192,0.5755,47,69.328125,42922080.0,-0.479,-0.011,0.769,-31.91,-0.71
1776309131.2542126,0.20557604288330913,0.5294926728411261,0.568,47,68.78125,43037692.0,-0.482,-0.013,0.77,-32.05,-0.8
1776309131.3541892,0.20327700050973463,0.5405411280039341,0.5775,47,69.390625,43153300.0,-0.481,-0.011,0.776,-31.79,-0.67
1776309131.4540389,0.2074374027476626,0.5475216652711599,0.5855,47,69.25,43268932.0,-0.479,-0.012,0.767,-32.02,-0.77
1776309131.5544744,0.21555855027188572,0.5556532294558206,0.596,47,68.796875,43326752.0,-0.482,-0.014,0.774,-31.92,-0.86
1776309131.6552763,0.2056845342627592,0.5310594339291148,0.5695,47,68.828125,43442364.0,-0.481,-0.013,0.769,-32.04,-0.83
1776309131.7545278,0.2149544044029108,0.5295345635818213,0.5715,47,67.90625,43558008.0,-0.479,-0.012,0.767,-32.0,-0.74
1776309131.8565156,0.20934840107585787,0.532313109895841,0.572,47,68.53125,43673644.0,-0.483,-0.014,0.77,-32.12,-0.86
1776309131.956675,0.2053891643781096,0.5333174862650407,0.5715,47,68.9375,43731448.0,-0.48,-0.013,0.768,-32.01,-0.8
1776309132.0583248,0.2120524182131687,0.540920300903883,0.581,47,68.59375,43847056.0,-0.48,-0.012,0.772,-31.88,-0.77
1776309132.1572647,0.20533431602856353,0.5451092263584263,0.5825,47,69.359375,43962692.0,-0.476,-0.012,0.765,-31.9,-0.75
1776309132.4966183,0.19139934604879136,0.5543902419163734,0.5865,47,70.953125,44309608.0,-0.482,-0.013,0.773,-31.95,-0.8
1776309134.1977978,0.4046173543036243,1.0271809950521553,1.104,47,68.5,45986312.0,-0.48,-0.012,0.769,-31.98,-0.74
1776309134.3137424,0.3695907368356625,0.9308087543879634,1.0015,47,68.34375,46101964.0,-0.48,-0.01,0.768,-32.03,-0.65
1776309134.422922,0.21444772667997164,0.5405131104069467,0.5815,47,68.359375,46217576.0,-0.479,-0.01,0.765,-32.06,-0.65
1776309134.5321553,0.20925746136076753,0.5473639692789861,0.586,47,69.078125,46333196.0,-0.481,-0.012,0.769,-32.02,-0.77
1776309134.630969,0.20633753454070627,0.5388448959020238,0.577,47,69.046875,46391012.0,-0.479,-0.012,0.767,-32.0,-0.77
1776309134.7286832,0.20699767127104682,0.5423395745179985,0.5805,47,69.109375,46506636.0,-0.479,-0.012,0.768,-31.95,-0.74
1776309134.823497,0.2125876355234354,0.5444692344132541,0.5845,47,68.671875,46622260.0,-0.48,-0.012,0.771,-31.9,-0.77
1776309134.9171994,0.2127881999902728,0.536330291839739,0.577,47,68.359375,46680060.0,-0.48,-0.012,0.77,-31.98,-0.77
1776309135.0134666,0.20633753454070627,0.5388448959020238,0.577,47,69.046875,46795680.0,-0.481,-0.012,0.771,-31.98,-0.77
1776309135.10938,0.2110319269518512,0.5370237665196844,0.577,47,68.546875,46911312.0,-0.48,-0.012,0.768,-32.02,-0.74
1776309135.2079487,0.212461240595065,0.5380729237239186,0.5785,47,68.453125,46969136.0,-0.48,-0.012,0.769,-31.99,-0.77
1776309135.3066683,0.21320109455056135,0.5549554426099834,0.5945,47,68.984375,47084764.0,-0.479,-0.009,0.769,-31.92,-0.59
1776309135.4081526,0.21512634934204794,0.5353967256332103,0.577,47,68.109375,47200400.0,-0.481,-0.012,0.77,-32.03,-0.77
1776309135.5082595,0.20916841431963953,0.5457919241350202,0.5845,47,69.03125,47316020.0,-0.479,-0.013,0.769,-31.93,-0.83
1776309135.6094167,0.20746509966749557,0.5480458305834979,0.586,47,69.265625,47373832.0,-0.479,-0.012,0.77,-31.92,-0.74
1776309135.7115507,0.2161775583617359,0.5363211032215294,0.57825,47,68.046875,47489472.0,-0.479,-0.011,0.771,-31.89,-0.68
1776309135.8128488,0.20999436310354608,0.5556423017236323,0.594,47,69.296875,47605108.0,-0.482,-0.013,0.769,-32.07,-0.83
1776309135.914118,0.21080360148606048,0.5403349346474889,0.58,47,68.6875,47720748.0,-0.479,-0.013,0.769,-31.91,-0.8
1776309136.0157502,0.20824290817287444,0.5429338276398918,0.5815,47,69.015625,47778552.0,-0.479,-0.013,0.767,-31.95,-0.84
1776309136.1177354,0.2106002630368718,0.54684872607404,0.586,47,68.9375,47894192.0,-0.481,-0.011,0.771,-31.94,-0.68
1776309136.2172956,0.21341552197820465,0.5409214961330068,0.5815,47,68.46875,48009820.0,-0.48,-0.012,0.768,-32.04,-0.77
1776309136.3202043,0.21125066800676398,0.5449893625261837,0.5845,47,68.8125,48125432.0,-0.48,-0.011,0.768,-32.0,-0.68
1776309136.4198816,0.2071148934970054,0.5417595600372218,0.58,47,69.078125,48183244.0,-0.48,-0.011,0.771,-31.92,-0.68
1776309136.5228262,0.20885456689965345,0.551262206109904,0.5895,47,69.25,48298880.0,-0.482,-0.012,0.768,-32.1,-0.77
1776309136.6248536,0.21293627278045485,0.5529144542642811,0.5925,47,68.9375,48414512.0,-0.479,-0.013,0.769,-31.9,-0.8
1776309136.7272964,0.2162050706270901,0.537657528018659,0.5795,47,68.09375,48530136.0,-0.478,-0.01,0.767,-31.93,-0.62
1776309136.8268578,0.20903423393481468,0.5410218933123548,0.58,47,68.875,48587960.0,-0.479,-0.012,0.77,-31.86,-0.74
1776309136.9283278,0.21243914667000408,0.5445271884507885,0.5845,47,68.6875,48703604.0,-0.478,-0.011,0.769,-31.86,-0.68
1776309137.029667,0.20640299164872,0.5452401352050841,0.583,47,69.265625,48819228.0,-0.478,-0.01,0.768,-31.9,-0.62
1776309137.1289468,0.20872181939482704,0.5459628669685451,0.5845,47,69.078125,48934836.0,-0.479,-0.011,0.77,-31.92,-0.71
1776309137.2313452,0.2063759911820856,0.5420414654467052,0.58,47,69.15625,48992656.0,-0.481,-0.011,0.77,-32.01,-0.71
1776309137.3311768,0.20542694295089373,0.5440055340801694,0.5815,47,69.3125,49108292.0,-0.481,-0.012,0.772,-31.92,-0.77
1776309137.433284,0.2118273419307741,0.5334839990201607,0.574,47,68.34375,49223944.0,-0.48,-0.012,0.769,-31.98,-0.74
1776309137.5342617,0.20774058925454844,0.5447319043127298,0.583,47,69.125,49339576.0,-0.481,-0.01,0.771,-31.97,-0.65
1776309137.6362567,0.21142769964175392,0.5406279476906427,0.5805,47,68.640625,49397400.0,-0.48,-0.011,0.769,-32.01,-0.68
1776309137.7374945,0.20489703682118376,0.5426022523929461,0.58,47,69.3125,49513016.0,-0.48,-0.013,0.771,-31.91,-0.8
1776309137.836914,0.2057236213724025,0.5438934101544386,0.5815,47,69.28125,49628652.0,-0.481,-0.011,0.77,-32.0,-0.71
1776309137.937215,0.20998874265672596,0.5524361754605207,0.591,47,69.1875,49744288.0,-0.479,-0.012,0.77,-31.87,-0.74
1776309138.038962,0.20686715109126372,0.5482718137925606,0.586,47,69.328125,49802100.0,-0.481,-0.01,0.768,-32.08,-0.62
1776309138.138513,0.2067615133325365,0.5434997024879032,0.5815,47,69.171875,49917724.0,-0.481,-0.012,0.769,-32.04,-0.77
1776309138.2392778,0.21208913536789975,0.5349938772162693,0.5755,47,68.375,50033356.0,-0.479,-0.014,0.767,-32.0,-0.87
1776309138.3393004,0.20934241163648093,0.5435825647408333,0.5825,47,68.9375,50148984.0,-0.479,-0.01,0.767,-32.01,-0.65
1776309138.4388022,0.20993524356384408,0.5433538842318048,0.5825,47,68.875,50206796.0,-0.478,-0.013,0.769,-31.88,-0.83
1776309138.5392704,0.20616111985887034,0.5464005789332004,0.584,47,69.328125,50322416.0,-0.48,-0.013,0.771,-31.9,-0.8
1776309138.6390505,0.2047802199626797,0.5405081511985147,0.578,47,69.25,50438028.0,-0.481,-0.01,0.769,-32.06,-0.65
1776309138.7381818,0.21209766667351457,0.5489506624384842,0.5885,47,68.875,50495844.0,-0.481,-0.01,0.768,-32.08,-0.65
1776309138.8385363,0.2072655428682153,0.5443778510736307,0.5825,47,69.15625,50611488.0,-0.479,-0.01,0.769,-31.91,-0.65
1776309138.9387455,0.2103915882228095,0.5485358963687644,0.5875,47,69.015625,50727116.0,-0.481,-0.013,0.769,-32.06,-0.8
1776309139.0388079,0.2133391577222589,0.5420264327340109,0.5825,47,68.515625,50842748.0,-0.48,-0.013,0.769,-31.98,-0.8
1776309139.1405277,0.20639183181926857,0.5479166558504011,0.5855,47,69.359375,50900556.0,-0.482,-0.013,0.767,-32.14,-0.8
1776309139.2387574,0.21544057122193197,0.5336530804479327,0.5755,47,68.015625,51016188.0,-0.482,-0.01,0.768,-32.1,-0.65
1776309139.3392882,0.20660807374287712,0.5462317309203648,0.584,47,69.28125,51131832.0,-0.478,-0.013,0.767,-31.9,-0.8
1776309139.4380517,0.2117267159949092,0.5362126888968696,0.5765,47,68.453125,51247468.0,-0.479,-0.01,0.768,-31.97,-0.65
1776309139.538644,0.20687987790654364,0.5429196221517266,0.581,47,69.140625,51305272.0,-0.481,-0.011,0.772,-31.93,-0.71
1776309139.6377811,0.21257462279862946,0.561081125811607,0.6,47,69.25,51420916.0,-0.478,-0.01,0.767,-31.93,-0.65
1776309139.737789,0.21280260115532487,0.5454588004070773,0.5855,47,68.6875,51536556.0,-0.48,-0.013,0.769,-31.98,-0.8
1776309139.8375177,0.21366023520997848,0.5520989982693472,0.592,47,68.84375,51594368.0,-0.479,-0.01,0.77,-31.87,-0.65
1776309139.9393573,0.2103619863830913,0.5480117103538574,0.587,47,69.0,51710008.0,-0.48,-0.011,0.769,-31.98,-0.71
1776309140.0397134,0.2077679507246973,0.5425803891145161,0.581,47,69.046875,51825632.0,-0.481,-0.012,0.77,-32.0,-0.74
1776309140.1388571,0.2067458889964653,0.5381527546924397,0.5765,47,68.984375,51941260.0,-0.48,-0.01,0.769,-31.98,-0.65
1776309140.2393115,0.20830435679369397,0.5439811990692008,0.5825,47,69.046875,51999084.0,-0.48,-0.011,0.771,-31.93,-0.71
1776309140.3393981,0.21396853718493805,0.564295769162713,0.6035,47,69.234375,52114716.0,-0.479,-0.011,0.767,-31.98,-0.71
1776309140.4390297,0.20731585881195627,0.5400762767286312,0.5785,47,69.0,52230344.0,-0.48,-0.011,0.769,-32.01,-0.68
1776309140.538053,0.21299907050851327,0.5437714556341748,0.584,47,68.609375,52288164.0,-0.48,-0.01,0.768,-32.03,-0.65
1776309140.638428,0.20818377653688758,0.5472383074921192,0.5855,47,69.171875,52403788.0,-0.481,-0.012,0.77,-32.0,-0.74
1776309140.7384827,0.21062189498208878,0.5591463738182999,0.5975,47,69.359375,52519404.0,-0.48,-0.011,0.768,-32.04,-0.71
1776309140.8381553,0.2115872931620373,0.5507547706305975,0.59,47,68.984375,52635020.0,-0.481,-0.011,0.771,-31.97,-0.71
1776309140.9400282,0.2096388587816307,0.5434683053212354,0.5825,47,68.90625,52692836.0,-0.48,-0.011,0.769,-31.98,-0.71
1776309141.0385668,0.20637452963366945,0.5447162596421018,0.5825,47,69.25,52808476.0,-0.481,-0.014,0.77,-32.03,-0.86
1776309141.1376371,0.21389969173225215,0.5595068559694756,0.599,47,69.078125,52924092.0,-0.481,-0.011,0.77,-32.03,-0.71
1776309141.2370107,0.21126820097890284,0.5428369895789508,0.5825,47,68.734375,53039720.0,-0.48,-0.01,0.768,-32.04,-0.65
1776309141.337664,0.2129372127268167,0.5405726069975563,0.581,47,68.5,53097524.0,-0.479,-0.009,0.77,-31.88,-0.59
1776309141.4360828,0.21245198385480993,0.5423747823748405,0.5825,47,68.609375,53213132.0,-0.479,-0.01,0.769,-31.93,-0.65
1776309141.536025,0.20841785735363144,0.5487540402913871,0.587,47,69.203125,53328748.0,-0.48,-0.012,0.768,-32.03,-0.74
1776309141.6359386,0.21237288369761728,0.5568785848548661,0.596,47,69.125,53386568.0,-0.479,-0.011,0.769,-31.94,-0.71
1776309141.7362347,0.21488775674183427,0.5494754334840296,0.59,47,68.640625,53502208.0,-0.479,-0.012,0.771,-31.85,-0.74
1776309141.8364372,0.21952525409847898,0.5476391720950924,0.59,47,68.15625,53617852.0,-0.479,-0.012,0.769,-31.93,-0.77
1776309141.935762,0.21711354352789533,0.5679134698321221,0.608,47,69.078125,53733484.0,-0.479,-0.013,0.767,-31.98,-0.8
1776309142.0353775,0.21130944185952455,0.5572829799850487,0.596,47,69.234375,53791288.0,-0.48,-0.012,0.772,-31.87,-0.74
1776309142.1362379,0.21428931613621469,0.5448764437832428,0.5855,47,68.53125,53906904.0,-0.481,-0.013,0.767,-32.11,-0.8
1776309142.2350032,0.21458828963933363,0.5608494592577098,0.6005,47,69.0625,54022532.0,-0.48,-0.012,0.771,-31.9,-0.77
1776309142.3353608,0.20860102151453028,0.5438675057613707,0.5825,47,69.015625,54138156.0,-0.481,-0.011,0.768,-32.09,-0.71
1776309142.436463,0.20518565291411858,0.5451652023361422,0.5825,47,69.375,54195964.0,-0.478,-0.012,0.769,-31.85,-0.74
1776309142.5352812,0.2162234439235886,0.5623643590216425,0.6025,47,68.96875,54311612.0,-0.485,-0.012,0.769,-32.27,-0.74
1776309142.6345272,0.21131430357338243,0.5460371004842953,0.5855,47,68.84375,54427244.0,-0.48,-0.012,0.773,-31.85,-0.77
1776309142.7339478,0.22829665259852483,0.5903978645052067,0.633,47,68.859375,54485056.0,-0.48,-0.012,0.767,-32.03,-0.77
1776309142.832189,0.20450898233100573,0.5438171348403215,0.581,47,69.390625,54600672.0,-0.48,-0.012,0.766,-32.11,-0.77
1776309142.9306574,0.20669513858670402,0.5397787692051468,0.578,47,69.046875,54716304.0,-0.481,-0.011,0.771,-31.97,-0.71
1776309143.026259,0.20942450868907578,0.5355057190734187,0.575,47,68.640625,54831956.0,-0.482,-0.012,0.769,-32.11,-0.77
1776309143.130599,0.2121879474152066,0.5505236370690377,0.59,47,68.921875,54889792.0,-0.48,-0.01,0.768,-32.03,-0.62
1776309143.231367,0.212779207350944,0.5341816254038545,0.575,47,68.28125,55005408.0,-0.479,-0.013,0.77,-31.9,-0.83
1776309143.33119,0.2162922654769454,0.5408547918756481,0.5825,47,68.203125,55121032.0,-0.481,-0.011,0.765,-32.18,-0.68
1776309143.428758,0.20914882821652456,0.5404415025288627,0.5795,47,68.84375,55178856.0,-0.479,-0.012,0.771,-31.86,-0.77
1776309143.5275156,0.20815600119052763,0.5440379850418251,0.5825,47,69.0625,55294484.0,-0.483,-0.009,0.771,-32.08,-0.58
1776309143.6265883,0.2098379533040616,0.5417831977397992,0.581,47,68.828125,55410104.0,-0.479,-0.012,0.771,-31.87,-0.74
1776309143.7262564,0.21936077828183978,0.5412364076367974,0.584,47,67.9375,55525744.0,-0.481,-0.011,0.769,-32.02,-0.71
1776309143.8240175,0.218180485496166,0.5481763181209648,0.59,47,68.296875,55583548.0,-0.482,-0.012,0.77,-32.08,-0.74
1776309143.9244418,0.2113038926722937,0.5540755047297578,0.593,47,69.125,55699180.0,-0.481,-0.014,0.769,-32.02,-0.89
1776309144.0255482,0.2154564377136491,0.5626586651316626,0.6025,47,69.046875,55814824.0,-0.479,-0.012,0.764,-32.12,-0.74
1776309144.1242056,0.2135425970882918,0.5585727877625148,0.598,47,69.078125,55872652.0,-0.48,-0.013,0.768,-32.04,-0.8
1776309144.2234983,0.2085432720728468,0.5454958328650646,0.584,47,69.078125,55988268.0,-0.479,-0.013,0.769,-31.89,-0.8
1776309144.3238118,0.21360047560514966,0.5392354187377288,0.58,47,68.390625,56103900.0,-0.481,-0.01,0.769,-32.02,-0.65
1776309144.421985,0.20898948496607267,0.5453250362615085,0.584,47,69.03125,56219528.0,-0.48,-0.011,0.771,-31.93,-0.71
1776309144.520331,0.20870661060121895,0.5406124311291327,0.5795,47,68.890625,56277348.0,-0.479,-0.012,0.772,-31.84,-0.77
1776309144.6207418,0.20682010546591195,0.5445472375975009,0.5825,47,69.203125,56392968.0,-0.479,-0.012,0.77,-31.88,-0.77
1776309144.7188916,0.20613939402125867,0.5432012060300937,0.581,47,69.21875,56508600.0,-0.479,-0.012,0.768,-31.94,-0.77
1776309144.8192432,0.21339747767924208,0.5452263443012795,0.5855,47,68.625,56566428.0,-0.48,-0.013,0.771,-31.92,-0.83
1776309144.918615,0.20736993209316357,0.5491509002666541,0.587,47,69.3125,56682060.0,-0.481,-0.012,0.765,-32.19,-0.77
1776309145.0176506,0.2138703238403242,0.5530899425775475,0.593,47,68.859375,56797692.0,-0.479,-0.012,0.768,-31.97,-0.77
1776309145.1166096,0.2093326032229649,0.5516156825434686,0.59,47,69.21875,56913328.0,-0.48,-0.013,0.768,-32.0,-0.8
1776309145.2159276,0.20639183181926857,0.5479166558504011,0.5855,47,69.359375,56971124.0,-0.48,-0.011,0.771,-31.93,-0.71
1776309145.314391,0.20599125120869757,0.5432574016297202,0.581,47,69.234375,57086748.0,-0.479,-0.014,0.77,-31.9,-0.86
1776309145.4133341,0.21260380813586183,0.5358655342211605,0.5765,47,68.359375,57202368.0,-0.481,-0.012,0.769,-32.06,-0.77
1776309145.5120404,0.21903949821044327,0.5542902653156713,0.596,47,68.4375,57260192.0,-0.478,-0.012,0.768,-31.91,-0.74
1776309145.611094,0.2067458889964653,0.5381527546924397,0.5765,47,68.984375,57375840.0,-0.479,-0.012,0.767,-31.98,-0.74
1776309145.710064,0.20889762418116398,0.5437536506649543,0.5825,47,68.984375,57491468.0,-0.481,-0.012,0.771,-31.97,-0.77
1776309145.8059516,0.2111090256486886,0.5477243643381782,0.587,47,68.921875,57607104.0,-0.481,-0.011,0.771,-31.95,-0.68
1776309145.9081304,0.21379510713128258,0.5466814906019074,0.587,47,68.640625,57664928.0,-0.481,-0.012,0.767,-32.1,-0.74
1776309146.0079963,0.21121844523285446,0.5444655805406028,0.584,47,68.796875,57780576.0,-0.48,-0.011,0.771,-31.94,-0.68
1776309146.1061838,0.2103273899982821,0.5399839247760164,0.5795,47,68.71875,57896220.0,-0.479,-0.009,0.763,-32.14,-0.59
1776309146.2051835,0.21272439234142262,0.5532638569461884,0.59275,47,68.96875,57954028.0,-0.479,-0.011,0.771,-31.85,-0.68
1776309146.3059611,0.20973823389239024,0.5402130350553391,0.5795,47,68.78125,58069664.0,-0.481,-0.01,0.771,-31.97,-0.62
1776309146.40572,0.21666474070256994,0.5439362463894901,0.5855,47,68.28125,58185284.0,-0.48,-0.012,0.77,-31.98,-0.74
1776309146.5065446,0.21282840780037107,0.5567046513485934,0.596,47,69.078125,58300896.0,-0.479,-0.01,0.769,-31.91,-0.65
1776309146.6080277,0.2166353850518732,0.5504010900638067,0.5915,47,68.515625,58358712.0,-0.48,-0.011,0.771,-31.94,-0.71
1776309146.7076359,0.2084543661305153,0.5556878865344512,0.5935,47,69.4375,58474340.0,-0.479,-0.013,0.769,-31.89,-0.83
1776309146.8082137,0.2138831476054636,0.5659319739777736,0.605,47,69.296875,58589980.0,-0.479,-0.013,0.765,-32.04,-0.84
1776309146.9082596,0.21344187472294085,0.5596816649799745,0.599,47,69.125,58705596.0,-0.477,-0.013,0.771,-31.76,-0.8
1776309147.0100424,0.21357444779900095,0.5660485449564833,0.605,47,69.328125,58763424.0,-0.479,-0.01,0.77,-31.9,-0.62
1776309147.1096015,0.22719889890675063,0.5623370077947566,0.6065,47,68.0,58879040.0,-0.48,-0.013,0.769,-31.97,-0.8
1776309147.210169,0.2168881174478544,0.5738830843559739,0.6135,47,69.296875,58994656.0,-0.481,-0.012,0.77,-32.03,-0.74
1776309147.3125746,0.2183018374254753,0.5663861825439083,0.607,47,68.921875,59052480.0,-0.479,-0.013,0.767,-32.0,-0.83
1776309147.4130068,0.21587403282965573,0.5683857861961897,0.608,47,69.203125,59168100.0,-0.481,-0.01,0.769,-32.05,-0.65
1776309147.514661,0.21788771332354262,0.5676168993102987,0.608,47,69.0,59283740.0,-0.479,-0.013,0.767,-32.01,-0.8
1776309147.615013,0.22144414643837954,0.5726766015895686,0.614,47,68.859375,59399356.0,-0.478,-0.01,0.768,-31.91,-0.62
1776309147.7162943,0.22221550263346415,0.5578714192261124,0.6005,47,68.28125,59457164.0,-0.482,-0.011,0.768,-32.1,-0.71
1776309147.816066,0.218731356104214,0.5624667491121689,0.6035,47,68.75,59572800.0,-0.479,-0.01,0.769,-31.96,-0.65
1776309147.9184937,0.21966451053890435,0.5653226979431337,0.6065,47,68.765625,59688424.0,-0.478,-0.011,0.767,-31.9,-0.71
1776309148.018964,0.2166488477989116,0.5680909053552997,0.608,47,69.125,59804060.0,-0.479,-0.013,0.767,-32.01,-0.8
1776309148.1208792,0.21773291172675435,0.5676762978590787,0.608,47,69.015625,59861860.0,-0.477,-0.013,0.769,-31.82,-0.83
1776309148.2194462,0.2169280961528696,0.5749369105384446,0.6145,47,69.328125,59977488.0,-0.479,-0.011,0.771,-31.88,-0.71
1776309148.3215196,0.21747178471737524,0.572592588890076,0.6125,47,69.203125,60093148.0,-0.479,-0.013,0.77,-31.88,-0.83
1776309148.4214537,0.22113176688377642,0.5727972954500214,0.614,47,68.890625,60208796.0,-0.479,-0.012,0.768,-31.97,-0.74
1776309148.521468,0.22291847396387057,0.567272072259528,0.6095,47,68.546875,60266620.0,-0.481,-0.012,0.768,-32.05,-0.77
1776309148.6220183,0.22051757384002846,0.5698183917948837,0.611,47,68.84375,60382240.0,-0.479,-0.012,0.768,-31.94,-0.74
1776309148.7221196,0.21952107835180698,0.5803712141028876,0.6205,47,69.28125,60497868.0,-0.479,-0.012,0.77,-31.91,-0.74
1776309148.821855,0.21966614755736133,0.5685393861618626,0.6095,47,68.875,60613512.0,-0.481,-0.012,0.767,-32.11,-0.74
1776309148.9234772,0.22817583122755108,0.5872272047884158,0.63,47,68.765625,60671336.0,-0.479,-0.013,0.77,-31.9,-0.8
1776309149.023304,0.22232213663741004,0.5744813900910775,0.616,47,68.84375,60786976.0,-0.479,-0.01,0.771,-31.86,-0.65
1776309149.1236742,0.21827008173923812,0.5690768150412968,0.6095,47,69.015625,60902596.0,-0.479,-0.013,0.766,-31.99,-0.81
1776309149.2252047,0.21587403282965573,0.5683857861961897,0.608,47,69.203125,61018232.0,-0.479,-0.014,0.771,-31.89,-0.89
1776309149.3251793,0.21578494581457094,0.5700237777144062,0.6095,47,69.265625,61076044.0,-0.48,-0.01,0.766,-32.11,-0.62
1776309149.4250407,0.21531852403881296,0.5702001255750012,0.6095,47,69.3125,61191672.0,-0.482,-0.013,0.77,-32.06,-0.8
1776309149.5247486,0.21372880564968308,0.5659902805133318,0.605,47,69.3125,61307292.0,-0.479,-0.012,0.769,-31.89,-0.77
1776309149.6247556,0.21407481802145079,0.5631857795515461,0.6025,47,69.1875,61365108.0,-0.48,-0.011,0.771,-31.9,-0.71
1776309149.7231302,0.21681260947490671,0.5648161580308071,0.605,47,69.0,61480740.0,-0.479,-0.01,0.767,-31.95,-0.62
1776309149.8237374,0.21423667346927427,0.5668673987281502,0.606,47,69.296875,61596380.0,-0.481,-0.01,0.771,-31.97,-0.65
1776309149.9241486,0.210867853064583,0.5611906971288222,0.5995,47,69.40625,61712024.0,-0.48,-0.013,0.77,-31.96,-0.83
1776309150.0221627,0.21382057751237746,0.5579310088463209,0.5975,47,69.03125,61769832.0,-0.481,-0.01,0.765,-32.15,-0.65
1776309150.122685,0.2116794107727938,0.5619538033102747,0.6005,47,69.359375,61885452.0,-0.48,-0.01,0.772,-31.88,-0.65
1776309150.220326,0.21670012389403953,0.5595007205574519,0.6,47,68.828125,62001076.0,-0.479,-0.01,0.769,-31.93,-0.65
1776309150.3199122,0.21528434172762193,0.5562956967359217,0.5965,47,68.84375,62058900.0,-0.479,-0.013,0.769,-31.91,-0.8
1776309150.4194782,0.2131135665108166,0.5480206271382855,0.588,47,68.75,62174528.0,-0.479,-0.011,0.765,-32.02,-0.68
1776309150.5178866,0.21329932265050217,0.5511663986101084,0.591,47,68.84375,62290180.0,-0.479,-0.012,0.768,-31.97,-0.74
1776309150.616981,0.21806611457095823,0.5487598925540439,0.5905,47,68.328125,62405816.0,-0.479,-0.014,0.77,-31.92,-0.89
1776309150.7163148,0.21986117920047302,0.5550405948041796,0.597,47,68.390625,62463616.0,-0.481,-0.011,0.77,-32.01,-0.71
1776309150.8159215,0.2102900186010562,0.5523215622051771,0.591,47,69.15625,62579260.0,-0.48,-0.013,0.766,-32.09,-0.8
1776309150.9134395,0.20981760017164075,0.5551745893484441,0.5935,47,69.296875,62694860.0,-0.482,-0.012,0.767,-32.14,-0.77
1776309151.0118027,0.21476768593727724,0.5366179656675193,0.578,47,68.1875,62752676.0,-0.479,-0.012,0.768,-31.95,-0.77
1776309151.110088,0.21190487026332294,0.5345290693298955,0.575,47,68.375,62868308.0,-0.481,-0.013,0.769,-32.04,-0.8
1776309151.2082396,0.21203128397670903,0.5532621301112053,0.5925,47,69.03125,62983920.0,-0.481,-0.011,0.768,-32.08,-0.68
1776309151.3068845,0.20829633567229233,0.5413064165013155,0.58,47,68.953125,63041744.0,-0.482,-0.011,0.769,-32.1,-0.68
1776309151.40708,0.21176788098967514,0.5485420353821052,0.588,47,68.890625,63157392.0,-0.482,-0.012,0.771,-32.03,-0.74
1776309151.5053852,0.21801244716725654,0.5552322242811059,0.5965,47,68.5625,63273032.0,-0.479,-0.011,0.771,-31.83,-0.68
1776309151.6042368,0.2166490469862924,0.5557656344538868,0.5965,47,68.703125,63388656.0,-0.479,-0.012,0.767,-31.95,-0.74
1776309151.7028499,0.21315550372514694,0.5654049820541722,0.60425,47,69.34375,63446480.0,-0.479,-0.011,0.768,-31.94,-0.71
1776309151.8014312,0.21219471852673005,0.5564114048340147,0.5955,47,69.125,63562124.0,-0.479,-0.012,0.771,-31.81,-0.77
1776309151.9007936,0.21130351134689782,0.5604924853131141,0.599,47,69.34375,63677772.0,-0.481,-0.013,0.77,-32.03,-0.83
1776309152.0002124,0.21323541446949476,0.5619000427264824,0.601,47,69.21875,63735580.0,-0.481,-0.014,0.77,-31.98,-0.86
1776309152.09856,0.21321184210031588,0.5581639189236348,0.5975,47,69.09375,63851212.0,-0.481,-0.011,0.771,-32.0,-0.71
1776309152.19965,0.21858493600252607,0.5657409970585229,0.6065,47,68.875,63966848.0,-0.48,-0.013,0.77,-31.96,-0.8
1776309152.2983458,0.21382335057294227,0.5611415371809154,0.6005,47,69.140625,64082452.0,-0.481,-0.01,0.768,-32.09,-0.62
1776309152.3998208,0.21445627340830223,0.5582226319272835,0.598,47,68.984375,64140256.0,-0.48,-0.01,0.77,-31.98,-0.65
1776309152.499244,0.21308217207646687,0.5619581727701582,0.601,47,69.234375,64255880.0,-0.483,-0.012,0.772,-32.02,-0.77
1776309152.6002507,0.22204768198319888,0.5552466361229829,0.598,47,68.203125,64371508.0,-0.48,-0.012,0.767,-32.03,-0.77
1776309152.6978817,0.21275176831762835,0.5615486934164501,0.6005,47,69.25,64429328.0,-0.48,-0.01,0.769,-31.97,-0.65
1776309152.7985592,0.21691549438976648,0.56370530270137,0.604,47,68.953125,64544960.0,-0.48,-0.012,0.768,-32.02,-0.77
1776309152.8979614,0.2159122996634261,0.5656961453413404,0.6055,47,69.109375,64660584.0,-0.481,-0.013,0.77,-31.99,-0.8
1776309152.9977455,0.21931945718405083,0.556329916237203,0.598,47,68.484375,64776204.0,-0.478,-0.013,0.768,-31.87,-0.8
1776309153.0979745,0.21343555162688418,0.5564721604013337,0.596,47,69.015625,64834008.0,-0.48,-0.01,0.767,-32.08,-0.65
1776309153.1976564,0.21328320487462488,0.562951396230979,0.602,47,69.25,64949636.0,-0.478,-0.014,0.769,-31.88,-0.9
1776309153.2977505,0.2148100024556894,0.5693232059603638,0.6085,47,69.328125,65065264.0,-0.482,-0.012,0.77,-32.04,-0.74
1776309153.3980954,0.21284562876683316,0.5636514777012933,0.6025,47,69.3125,65180892.0,-0.477,-0.011,0.769,-31.8,-0.68
1776309153.4979393,0.21620170092166288,0.5725389283870398,0.612,47,69.3125,65238716.0,-0.48,-0.012,0.767,-32.03,-0.74
1776309153.5974872,0.21375095560709934,0.5665163536713234,0.6055,47,69.328125,65354344.0,-0.481,-0.013,0.768,-32.05,-0.83
1776309153.6969962,0.2148725292319525,0.5709026153219686,0.61,47,69.375,65469960.0,-0.479,-0.013,0.765,-32.06,-0.84
1776309153.7974026,0.2160440053809134,0.5618976666075166,0.602,47,68.96875,65585596.0,-0.482,-0.013,0.771,-32.02,-0.8
1776309153.8985465,0.2157295250217949,0.5588038761800698,0.599,47,68.890625,65643404.0,-0.48,-0.009,0.768,-32.03,-0.59
1776309153.9969614,0.21907392360212322,0.5660879931579287,0.607,47,68.84375,65759008.0,-0.479,-0.014,0.77,-31.9,-0.86
1776309154.0977967,0.21917530447107844,0.5649762702185022,0.606,47,68.796875,65874628.0,-0.481,-0.014,0.767,-32.1,-0.87
1776309154.1971805,0.21810184864252904,0.5594924786078106,0.6005,47,68.703125,65932448.0,-0.48,-0.013,0.772,-31.85,-0.83
1776309154.2963796,0.21448595912064541,0.5619590940096058,0.6015,47,69.109375,66048060.0,-0.478,-0.01,0.767,-31.94,-0.65
1776309154.3971298,0.2126028529849934,0.5583961648351834,0.5975,47,69.15625,66163680.0,-0.48,-0.013,0.767,-32.07,-0.8
1776309154.4969575,0.22870273584612202,0.5547026758692434,0.6,47,67.59375,66279304.0,-0.48,-0.012,0.768,-32.0,-0.74
1776309154.5961893,0.22103412637192033,0.5706907349686009,0.612,47,68.828125,66337120.0,-0.481,-0.012,0.769,-32.03,-0.77
1776309154.69679,0.22005467219663333,0.5774945378481361,0.618,47,69.140625,66452740.0,-0.479,-0.01,0.764,-32.1,-0.65
1776309154.796427,0.217065655920639,0.5668610949957165,0.607,47,69.046875,66568356.0,-0.481,-0.011,0.769,-32.04,-0.71
1776309154.897198,0.22248190583937175,0.5679804587959704,0.61,47,68.609375,66626168.0,-0.479,-0.012,0.769,-31.9,-0.74
1776309154.997344,0.2205068105220474,0.5730381719513926,0.614,47,68.953125,66741808.0,-0.48,-0.013,0.769,-31.97,-0.8
1776309155.097079,0.22361537209361845,0.5731742561066683,0.61525,47,68.6875,66857428.0,-0.482,-0.013,0.767,-32.14,-0.8
1776309155.1965172,0.22117781286262894,0.5687578022298277,0.61025,47,68.75,66973048.0,-0.479,-0.011,0.766,-32.01,-0.68
1776309155.2973862,0.2223773226971683,0.5631860938890799,0.6055,47,68.453125,67030852.0,-0.479,-0.012,0.767,-31.95,-0.77
1776309155.396669,0.22147139281899564,0.5769527035752706,0.618,47,69.0,67146484.0,-0.483,-0.009,0.771,-32.06,-0.58
1776309155.4971488,0.21799288922945076,0.5665051634763768,0.607,47,68.953125,67262120.0,-0.482,-0.011,0.771,-32.01,-0.71
1776309155.5965524,0.21306731361189699,0.5651710536379314,0.604,47,69.34375,67377748.0,-0.482,-0.012,0.768,-32.12,-0.77
1776309155.6976602,0.2180668972983153,0.5680836895235473,0.6085,47,69.0,67435568.0,-0.481,-0.011,0.771,-31.94,-0.71
1776309155.7964761,0.2194562321807814,0.5643307648507345,0.6055,47,68.75,67551208.0,-0.48,-0.012,0.768,-32.02,-0.74
1776309155.8959966,0.21975979244193744,0.5781417504607989,0.6185,47,69.1875,67666844.0,-0.482,-0.011,0.769,-32.07,-0.71
1776309155.9953036,0.21840629331816086,0.5741095309599218,0.61425,47,69.171875,67724660.0,-0.48,-0.012,0.761,-32.25,-0.75
1776309156.0934162,0.2219261628719019,0.5679294328813695,0.60975,47,68.65625,67840312.0,-0.48,-0.013,0.768,-32.0,-0.8
1776309156.1929092,0.22535622289742954,0.5684600450351845,0.6115,47,68.375,67955920.0,-0.479,-0.012,0.769,-31.9,-0.74
1776309156.292421,0.21984560246845,0.5657887512802673,0.607,47,68.765625,68071568.0,-0.479,-0.012,0.769,-31.93,-0.77
1776309156.3935635,0.222355736487051,0.5717868278049969,0.6135,47,68.75,68129384.0,-0.478,-0.013,0.764,-32.0,-0.84
1776309156.4924693,0.2198587370460418,0.5727515916560333,0.6135,47,69.0,68245000.0,-0.48,-0.012,0.769,-31.97,-0.74
1776309156.5940056,0.21579220659736725,0.5742960678707797,0.6135,47,69.40625,68360632.0,-0.479,-0.011,0.768,-31.95,-0.71
1776309156.692265,0.22054250089099203,0.57034485646909,0.6115,47,68.859375,68418444.0,-0.48,-0.012,0.767,-32.06,-0.74
1776309156.7918172,0.21599284378264574,0.5640594750863472,0.604,47,69.046875,68534064.0,-0.479,-0.014,0.771,-31.86,-0.89
1776309156.8913746,0.21962681479131135,0.5588956183623406,0.6005,47,68.546875,68649708.0,-0.481,-0.012,0.768,-32.05,-0.77
1776309156.9899845,0.2190170236992504,0.5591348614868528,0.6005,47,68.609375,68765336.0,-0.48,-0.012,0.769,-31.99,-0.77
1776309157.0897284,0.22170256261086224,0.5596891760001944,0.602,47,68.390625,68823152.0,-0.478,-0.012,0.771,-31.78,-0.74
1776309157.1894202,0.2117022788006614,0.5624794619811527,0.601,47,69.375,68938772.0,-0.48,-0.014,0.771,-31.92,-0.86
1776309157.2897263,0.21313201141466367,0.5565884886613625,0.596,47,69.046875,69054400.0,-0.479,-0.012,0.766,-32.05,-0.77
1776309157.389231,0.21344187472294085,0.5596816649799745,0.599,47,69.125,69170024.0,-0.48,-0.01,0.771,-31.89,-0.65
1776309157.487006,0.21662546993481646,0.5675646710072078,0.6075,47,69.109375,69227852.0,-0.479,-0.011,0.77,-31.91,-0.68
1776309157.5881026,0.2156098710480459,0.5625998875814365,0.6025,47,69.03125,69343492.0,-0.479,-0.012,0.77,-31.87,-0.77
1776309157.6864822,0.2165195404574612,0.5590344699569874,0.5995,47,68.828125,69459128.0,-0.484,-0.012,0.769,-32.18,-0.74
1776309157.7866585,0.21597779014772606,0.5576357181555938,0.598,47,68.828125,69516952.0,-0.48,-0.01,0.768,-32.04,-0.62
1776309157.8870416,0.21679586212517987,0.5583910405490045,0.599,47,68.78125,69632560.0,-0.48,-0.011,0.769,-31.99,-0.68
1776309157.9867485,0.21716215454344054,0.5769860038458913,0.6165,47,69.375,69748180.0,-0.481,-0.012,0.768,-32.05,-0.77
1776309158.0872421,0.22105327145737577,0.5567193648311434,0.599,47,68.34375,69863812.0,-0.481,-0.013,0.77,-32.01,-0.8
1776309158.1867218,0.21482915137813136,0.5564716396350778,0.5965,47,68.890625,69921604.0,-0.481,-0.011,0.767,-32.1,-0.68
1776309158.2870004,0.2165292498516424,0.565460285041032,0.6055,47,69.046875,70037228.0,-0.48,-0.009,0.767,-32.05,-0.56
1776309158.3855536,0.21436880178953682,0.5662828505431877,0.6055,47,69.265625,70152844.0,-0.479,-0.011,0.769,-31.89,-0.71
1776309158.4858327,0.21922325617874064,0.5547552739275133,0.5965,47,68.4375,70210672.0,-0.477,-0.012,0.771,-31.76,-0.77
1776309158.5851362,0.2190472343424842,0.5569744690081484,0.5985,47,68.53125,70326304.0,-0.479,-0.012,0.769,-31.94,-0.77
1776309158.685759,0.21591733271054647,0.5675669722025438,0.60725,47,69.171875,70441936.0,-0.479,-0.012,0.77,-31.9,-0.74
1776309158.7853415,0.2202939579219419,0.5570202618424985,0.599,47,68.421875,70557564.0,-0.48,-0.012,0.77,-31.98,-0.74
1776309158.8843064,0.2190762469156158,0.560185547865498,0.6015,47,68.640625,70615380.0,-0.481,-0.012,0.765,-32.17,-0.77
1776309158.9838963,0.21285605704174115,0.5604396033299601,0.5995,47,69.203125,70731024.0,-0.482,-0.01,0.765,-32.23,-0.62
1776309159.0836926,0.2152715080433824,0.5654053217159597,0.605,47,69.15625,70846644.0,-0.48,-0.013,0.772,-31.87,-0.8
1776309159.1848302,0.2140522656019331,0.5594485030730527,0.599,47,69.0625,70962276.0,-0.481,-0.012,0.768,-32.05,-0.74
1776309159.283473,0.21353186578346092,0.5553639728097547,0.595,47,68.96875,71020092.0,-0.48,-0.013,0.77,-31.96,-0.83
1776309159.3823707,0.21619375276081956,0.5532596689324043,0.594,47,68.65625,71135696.0,-0.479,-0.015,0.772,-31.82,-0.92
1776309159.4820113,0.208908917406974,0.5555171592559911,0.5935,47,69.390625,71251336.0,-0.48,-0.009,0.767,-32.08,-0.59
1776309159.5810368,0.21332984241927214,0.5441788569334245,0.5845,47,68.59375,71309132.0,-0.479,-0.011,0.768,-31.97,-0.71
1776309159.6819978,0.21283122986696928,0.5599141609151471,0.599,47,69.1875,71424776.0,-0.481,-0.013,0.769,-32.02,-0.8
1776309159.7818172,0.21397637023560268,0.5610832050425287,0.6005,47,69.125,71540416.0,-0.479,-0.013,0.766,-32.0,-0.81
1776309159.8802807,0.21218215493108875,0.5532042869761581,0.5925,47,69.015625,71656064.0,-0.482,-0.008,0.772,-32.0,-0.49
1776309159.9791949,0.2108923827301869,0.5520918428181893,0.591,47,69.09375,71713880.0,-0.479,-0.011,0.77,-31.9,-0.68
1776309160.0788164,0.2168244142416032,0.5589162937227592,0.5995,47,68.796875,71829508.0,-0.48,-0.011,0.769,-31.99,-0.68
1776309160.177361,0.21146592824777705,0.5513369307332007,0.5905,47,69.015625,71945140.0,-0.48,-0.011,0.769,-31.99,-0.71
1776309160.27703,0.2165011258959219,0.548304215272688,0.5895,47,68.453125,72002964.0,-0.479,-0.01,0.768,-31.97,-0.65
1776309160.3759725,0.20877291332868023,0.5496888853344729,0.588,47,69.203125,72118596.0,-0.479,-0.011,0.766,-32.06,-0.71
1776309160.4755971,0.21596417359801964,0.560321091627046,0.6005,47,68.921875,72234236.0,-0.479,-0.012,0.771,-31.82,-0.77
1776309160.5751805,0.21637503643066863,0.5655193132065667,0.6055,47,69.0625,72349888.0,-0.481,-0.012,0.77,-32.0,-0.77
1776309160.675818,0.2174502715836147,0.5720658872789149,0.612,47,69.1875,72407692.0,-0.48,-0.013,0.767,-32.07,-0.83
1776309160.7750905,0.21619428983622807,0.5559426940271893,0.5965,47,68.75,72523308.0,-0.482,-0.011,0.769,-32.09,-0.71
1776309318.7411306,0.21197817651910808,0.5495327585136611,0.589,47,68.90625,2169640.0,-0.482,-0.011,0.77,-32.04,-0.68
1776309318.8591592,0.213443871157884,0.5435970142165394,0.584,47,68.5625,2285176.0,-0.479,-0.013,0.77,-31.87,-0.8
1776309318.9700053,0.21325112220907672,0.5396424940426481,0.58025,47,68.4375,2400704.0,-0.478,-0.01,0.768,-31.89,-0.65
1776309319.0763862,0.21021253155198158,0.5480690573080249,0.587,47,69.015625,2516240.0,-0.478,-0.011,0.766,-31.96,-0.71
1776309319.1777055,0.21030197201530773,0.5469635093554895,0.586,47,68.96875,2631788.0,-0.48,-0.014,0.769,-31.98,-0.86
1776309319.2746716,0.2122380012996693,0.5542538054035548,0.5935,47,69.046875,2689548.0,-0.48,-0.011,0.768,-32.03,-0.71
1776309319.3702514,0.2100887275772994,0.5446345463197788,0.58375,47,68.90625,2805080.0,-0.481,-0.013,0.769,-32.06,-0.83
1776309319.4670055,0.21119916472868364,0.5492969714261188,0.5885,47,68.96875,2920620.0,-0.48,-0.01,0.771,-31.94,-0.65
1776309319.5629022,0.21034788896735676,0.5565777264740088,0.595,47,69.296875,2978384.0,-0.479,-0.013,0.768,-31.97,-0.8
1776309319.6612113,0.21119916472868364,0.5492969714261188,0.5885,47,68.96875,3093904.0,-0.479,-0.012,0.77,-31.92,-0.77
1776309319.7602274,0.21119916472868364,0.5492969714261188,0.5885,47,68.96875,3209428.0,-0.48,-0.012,0.77,-31.96,-0.74
1776309319.8593764,0.2115478821572081,0.5448740621049969,0.5845,47,68.78125,3267188.0,-0.479,-0.014,0.768,-31.96,-0.9
1776309319.9591396,0.20976407330272911,0.5482408535957962,0.587,47,69.0625,3382712.0,-0.477,-0.013,0.77,-31.77,-0.8
1776309320.0575004,0.21215382613081782,0.5526796124863435,0.592,47,69.0,3498256.0,-0.479,-0.014,0.768,-31.96,-0.87
1776309320.1597035,0.2085674990516043,0.5486971827332076,0.587,47,69.1875,3613800.0,-0.48,-0.012,0.771,-31.88,-0.74
1776309320.2579415,0.20928731137592468,0.5537714522228794,0.592,47,69.296875,3671560.0,-0.48,-0.012,0.77,-31.96,-0.74
1776309320.3585637,0.21077877850174112,0.5499939149966242,0.589,47,69.03125,3787100.0,-0.48,-0.015,0.771,-31.93,-0.92
1776309320.4599164,0.21428892719193318,0.5550722977080826,0.595,47,68.890625,3902644.0,-0.48,-0.012,0.77,-31.95,-0.74
1776309320.5606441,0.21202625239596548,0.545224603530437,0.585,47,68.75,3960408.0,-0.477,-0.013,0.767,-31.89,-0.81
1776309320.7974312,-0.13452433842835115,-0.10229468397924914,0.169,47,217.25,4249268.0,-0.479,-0.013,0.768,-31.96,-0.8
1776309322.5061033,0.391983821604162,0.9983010235397921,1.0725,47,68.5625,5924572.0,-0.48,-0.011,0.768,-32.04,-0.71
1776309322.6209333,0.3587627030451067,0.8893651235031473,0.959,47,68.03125,6040112.0,-0.482,-0.011,0.769,-32.07,-0.71
1776309322.7297869,0.21478975579767606,0.5479029209671862,0.5885,47,68.59375,6155648.0,-0.481,-0.011,0.768,-32.07,-0.68
1776309322.8372946,0.21440321763371392,0.5442942772694843,0.585,47,68.5,6271180.0,-0.481,-0.012,0.771,-31.95,-0.74
1776309322.9362075,0.2172172658016113,0.5523213823831847,0.5935,47,68.53125,6386732.0,-0.48,-0.014,0.766,-32.08,-0.87
1776309323.0302136,0.21396132670659412,0.5519823825757069,0.592,47,68.8125,6444496.0,-0.479,-0.011,0.769,-31.91,-0.71
1776309323.1236234,0.21407018141148648,0.5567640500521324,0.5965,47,68.96875,6560032.0,-0.48,-0.01,0.769,-31.98,-0.65
1776309323.2164943,0.2129372127268167,0.5405726069975563,0.581,47,68.5,6617788.0,-0.483,-0.01,0.768,-32.2,-0.65
1776309323.3111508,0.2117666044274289,0.5512215119616404,0.5905,47,68.984375,6733320.0,-0.479,-0.012,0.768,-31.97,-0.74
1776309323.408553,0.21194795571840788,0.5490084826911037,0.5885,47,68.890625,6848864.0,-0.481,-0.011,0.774,-31.88,-0.68
1776309323.5071802,0.21257749753154953,0.5493011992916309,0.589,47,68.84375,6906636.0,-0.483,-0.011,0.772,-32.03,-0.68
1776309323.6073637,0.2083809251978578,0.5541131563261107,0.592,47,69.390625,7022188.0,-0.479,-0.013,0.771,-31.86,-0.83
1776309323.7060251,0.21266514691253155,0.5481947968456754,0.588,47,68.796875,7137732.0,-0.479,-0.013,0.767,-31.95,-0.84
1776309323.8080325,0.21352951012596644,0.5473220243196548,0.5875,47,68.6875,7253276.0,-0.479,-0.01,0.767,-31.98,-0.65
1776309323.9089682,0.2124863014295442,0.5428983069643825,0.583,47,68.625,7311048.0,-0.48,-0.01,0.769,-31.97,-0.65
1776309324.0108085,0.21825833069329353,0.5470688266415633,0.589,47,68.25,7426580.0,-0.478,-0.009,0.769,-31.85,-0.56
1776309324.1134143,0.21371946007498954,0.5504672945645862,0.5905,47,68.78125,7542112.0,-0.479,-0.01,0.771,-31.87,-0.62
1776309324.214777,0.21533319515088276,0.5423134380283342,0.5835,47,68.34375,7657660.0,-0.482,-0.013,0.772,-31.97,-0.8
1776309324.3163497,0.21207569218468328,0.5435955764944997,0.5835,47,68.6875,7715432.0,-0.483,-0.012,0.767,-32.19,-0.74
1776309324.4175456,0.21149475985312058,0.5465034003139146,0.586,47,68.84375,7830980.0,-0.479,-0.009,0.767,-31.97,-0.59
1776309324.5193167,0.21610725336967046,0.5446959289741543,0.586,47,68.359375,7946520.0,-0.48,-0.011,0.768,-32.03,-0.71
1776309324.6189747,0.21150315814100962,0.5614858983949454,0.6,47,69.359375,8062064.0,-0.479,-0.013,0.768,-31.92,-0.8
1776309324.7207153,0.2126369965710263,0.5490100820469996,0.58875,47,68.828125,8119832.0,-0.48,-0.012,0.768,-32.04,-0.77
1776309324.8207045,0.21519912939203575,0.5638276196754731,0.6035,47,69.109375,8235368.0,-0.48,-0.011,0.768,-32.03,-0.68
1776309324.9215813,0.21488944399242213,0.5424894255749394,0.5835,47,68.390625,8350904.0,-0.477,-0.012,0.771,-31.76,-0.77
1776309325.0242443,0.21388852894386126,0.5434222089556434,0.584,47,68.515625,8466444.0,-0.479,-0.014,0.77,-31.92,-0.89
1776309325.12494,0.21253762364572884,0.5460986710613993,0.586,47,68.734375,8524200.0,-0.481,-0.012,0.77,-32.0,-0.77
1776309325.2243745,0.21283544263867113,0.5459826685498368,0.586,47,68.703125,8639716.0,-0.482,-0.011,0.768,-32.13,-0.71
1776309325.3263535,0.21272728828931547,0.549243207347232,0.589,47,68.828125,8755268.0,-0.48,-0.012,0.769,-31.97,-0.74
1776309325.426931,0.21120722606934528,0.5583909989031811,0.597,47,69.28125,8870808.0,-0.481,-0.013,0.77,-32.01,-0.8
1776309325.527445,0.21601866267793635,0.5479570579660745,0.589,47,68.484375,8928572.0,-0.481,-0.01,0.77,-31.99,-0.65
1776309325.6287465,0.2107257211914485,0.5548305330714451,0.5935,47,69.203125,9044100.0,-0.481,-0.013,0.766,-32.12,-0.83
1776309325.7279778,0.2079261979398538,0.551078666081601,0.589,47,69.328125,9159628.0,-0.481,-0.012,0.769,-32.06,-0.77
1776309325.8306386,0.21162434613025075,0.5558261406455653,0.59475,47,69.15625,9275168.0,-0.482,-0.013,0.771,-32.02,-0.8
1776309325.930141,0.20958877851313398,0.5568640264206087,0.595,47,69.375,9332940.0,-0.48,-0.012,0.766,-32.11,-0.74
1776309326.032063,0.21112015730025624,0.5428945838572301,0.5825,47,68.75,9448468.0,-0.479,-0.009,0.77,-31.93,-0.59
1776309326.132078,0.2098503523566082,0.5498136771814679,0.5885,47,69.109375,9564004.0,-0.479,-0.015,0.764,-32.05,-0.96
1776309326.230254,0.21553664260866842,0.5476095376205414,0.5885,47,68.515625,9621784.0,-0.482,-0.011,0.767,-32.15,-0.68
1776309326.3312025,0.20955044431669698,0.5499280510091069,0.5885,47,69.140625,9737324.0,-0.48,-0.014,0.769,-32.01,-0.86
1776309326.4307978,0.21339026205186423,0.5586310017009767,0.598,47,69.09375,9852844.0,-0.478,-0.012,0.77,-31.85,-0.77
1776309326.5321393,0.21300695512235127,0.5571716854520739,0.5965,47,69.078125,9968368.0,-0.478,-0.011,0.77,-31.83,-0.71
1776309326.6317806,0.21220747141510735,0.5456906074650785,0.5855,47,68.75,10026144.0,-0.481,-0.012,0.769,-32.02,-0.74
1776309326.731916,0.20951476821273896,0.5552889445151618,0.5935,47,69.328125,10141764.0,-0.479,-0.009,0.768,-31.99,-0.59
1776309326.8321984,0.21396132670659412,0.5519823825757069,0.592,47,68.8125,10257376.0,-0.48,-0.009,0.769,-31.99,-0.59
1776309326.9318247,0.21221750055166008,0.5510480763595915,0.5905,47,68.9375,10372964.0,-0.481,-0.011,0.77,-32.01,-0.71
1776309327.031196,0.2112286706312542,0.5498212879685117,0.589,47,68.984375,10430792.0,-0.48,-0.012,0.771,-31.92,-0.77
1776309327.1306999,0.21079670864143515,0.5531986511425511,0.592,47,69.140625,10546432.0,-0.48,-0.012,0.767,-32.07,-0.74
1776309327.2301517,0.2171621150375824,0.5539545250220489,0.595,47,68.59375,10662048.0,-0.48,-0.011,0.771,-31.94,-0.68
1776309327.3316247,0.2085320283693703,0.5540563086403367,0.592,47,69.375,10719864.0,-0.48,-0.012,0.769,-31.98,-0.77
1776309327.4320953,0.21062189498208878,0.5591463738182999,0.5975,47,69.359375,10835480.0,-0.48,-0.01,0.769,-32.01,-0.65
1776309327.5311515,0.21012036971443454,0.5550600690295325,0.5935,47,69.265625,10951112.0,-0.478,-0.013,0.765,-31.98,-0.81
1776309327.632676,0.21498089748640858,0.5564130333807237,0.5965,47,68.875,11066748.0,-0.478,-0.013,0.768,-31.89,-0.83
1776309327.7309926,0.2108402876433333,0.5483635865978671,0.5875,47,68.96875,11124556.0,-0.479,-0.011,0.767,-32.02,-0.71
1776309327.83252,0.21450345844656019,0.5533809865856116,0.5935,47,68.8125,11240172.0,-0.479,-0.011,0.764,-32.05,-0.71
1776309327.9313605,0.2116162742064999,0.5512792418465976,0.5905,47,69.0,11355816.0,-0.479,-0.014,0.767,-32.02,-0.87
1776309328.0316613,0.2178196256131805,0.5520841065433182,0.5935,47,68.46875,11471448.0,-0.48,-0.012,0.77,-31.95,-0.77
1776309328.1318352,0.21626913757080496,0.5494705725827183,0.5905,47,68.515625,11529252.0,-0.479,-0.012,0.771,-31.82,-0.74
1776309328.2325652,0.21378061612660548,0.5515161812390721,0.5915,47,68.8125,11644896.0,-0.481,-0.012,0.771,-32.0,-0.74
1776309328.3333042,0.21029327860897645,0.5587358382741234,0.597,47,69.375,11760524.0,-0.48,-0.011,0.769,-31.98,-0.71
1776309328.4319417,0.20951000373417084,0.5520831534608784,0.5905,47,69.21875,11876148.0,-0.482,-0.013,0.77,-32.04,-0.8
1776309328.5332136,0.21658895206751397,0.5450426367196388,0.5865,47,68.328125,11933968.0,-0.482,-0.012,0.768,-32.1,-0.77
1776309328.6317859,0.21429149013523865,0.5510496527134546,0.59125,47,68.75,12049596.0,-0.481,-0.011,0.769,-32.05,-0.71
1776309328.7315502,0.21150315814100962,0.5614858983949454,0.6,47,69.359375,12165240.0,-0.481,-0.012,0.768,-32.09,-0.74
1776309328.8313782,0.2162020401504983,0.548422216758915,0.5895,47,68.484375,12223052.0,-0.48,-0.01,0.767,-32.03,-0.62
1776309328.9309015,0.21386611657720056,0.5490690727769935,0.58925,47,68.71875,12338660.0,-0.48,-0.011,0.768,-32.03,-0.71
1776309329.030329,0.21568597192724898,0.5475507387574214,0.5885,47,68.5,12454288.0,-0.48,-0.012,0.77,-31.98,-0.74
1776309329.129359,0.2134760045491003,0.5489526350075683,0.589,47,68.75,12569912.0,-0.481,-0.012,0.767,-32.1,-0.77
1776309329.231881,0.2141697385030766,0.5502922615388334,0.5905,47,68.734375,12627720.0,-0.481,-0.012,0.771,-31.98,-0.74
1776309329.329866,0.2125986217582442,0.5616066915791648,0.6005,47,69.265625,12743356.0,-0.48,-0.012,0.77,-31.95,-0.74
1776309329.4298577,0.21085344512115542,0.5574556705968107,0.596,47,69.28125,12858976.0,-0.481,-0.011,0.772,-31.92,-0.68
1776309329.526737,0.2086831160324628,0.5539994197496796,0.592,47,69.359375,12916804.0,-0.481,-0.01,0.769,-32.04,-0.62
1776309329.6274369,0.2172172658016113,0.5523213823831847,0.5935,47,68.53125,13032424.0,-0.479,-0.012,0.77,-31.9,-0.77
1776309329.7268996,0.21260192528662297,0.5471466177949208,0.587,47,68.765625,13148044.0,-0.482,-0.01,0.771,-32.02,-0.65
1776309329.8283525,0.21146592824777705,0.5513369307332007,0.5905,47,69.015625,13263668.0,-0.48,-0.012,0.769,-31.99,-0.77
1776309329.9280157,0.217011039302338,0.5540137262026268,0.595,47,68.609375,13321488.0,-0.48,-0.009,0.77,-31.98,-0.59
1776309330.0280511,0.21288132601001714,0.5577549112614041,0.597,47,69.109375,13437104.0,-0.48,-0.009,0.771,-31.9,-0.55
1776309330.127769,0.2095893157050467,0.5536572213403256,0.592,47,69.265625,13552724.0,-0.483,-0.01,0.772,-32.05,-0.64
1776309330.2269242,0.2158610122894079,0.552852849656572,0.5935,47,68.671875,13610532.0,-0.481,-0.013,0.768,-32.09,-0.83
1776309330.3263824,0.21295867365944526,0.5593307190859536,0.5985,47,69.15625,13726156.0,-0.48,-0.013,0.765,-32.12,-0.81
1776309330.425952,0.21656879509562213,0.549352534344596,0.5905,47,68.484375,13841772.0,-0.48,-0.01,0.771,-31.93,-0.65
1776309330.5246227,0.2111090256486886,0.5477243643381782,0.587,47,68.921875,13957396.0,-0.48,-0.012,0.767,-32.07,-0.74
1776309330.6237748,0.20921187392781537,0.5554031344956669,0.5935,47,69.359375,14015200.0,-0.479,-0.013,0.768,-31.97,-0.8
1776309330.7245512,0.21049495424395803,0.5533135406239702,0.592,47,69.171875,14130836.0,-0.481,-0.01,0.768,-32.09,-0.65
1776309330.824492,0.2122757959847347,0.5520971259108739,0.5915,47,68.96875,14246456.0,-0.48,-0.013,0.772,-31.87,-0.8
1776309330.9234226,0.2117248758555937,0.5630051748820196,0.6015,47,69.390625,14362064.0,-0.481,-0.012,0.768,-32.09,-0.77
1776309331.023849,0.2134837117738905,0.5639447710611762,0.603,47,69.265625,14419872.0,-0.478,-0.011,0.769,-31.88,-0.71
1776309331.123206,0.21581013569761673,0.5448137161729467,0.586,47,68.390625,14535504.0,-0.479,-0.011,0.77,-31.86,-0.71
1776309331.2220914,0.21402613568280088,0.5621343818382641,0.6015,47,69.15625,14651144.0,-0.48,-0.012,0.772,-31.85,-0.74
1776309331.322481,0.21079670864143515,0.5531986511425511,0.592,47,69.140625,14708972.0,-0.481,-0.012,0.771,-31.94,-0.74
1776309331.4231074,0.21812070836895653,0.5519652222564613,0.5935,47,68.4375,14824624.0,-0.48,-0.012,0.769,-31.97,-0.74
1776309331.5206046,0.21392504388084863,0.5487778016652796,0.589,47,68.703125,14940252.0,-0.481,-0.011,0.768,-32.08,-0.71
1776309331.6217332,0.21203191603636218,0.5628896131409329,0.6015,47,69.359375,15055860.0,-0.481,-0.012,0.768,-32.09,-0.74
1776309331.7209895,0.21189054974572716,0.5597362279935555,0.5985,47,69.265625,15113680.0,-0.481,-0.011,0.769,-32.02,-0.68
1776309331.820179,0.21200309826026079,0.5527374479154187,0.592,47,69.015625,15229308.0,-0.481,-0.011,0.773,-31.91,-0.68
1776309331.9196317,0.21242769096450415,0.5493591503847816,0.589,47,68.859375,15344936.0,-0.48,-0.012,0.77,-31.98,-0.74
1776309332.0188653,0.21095489581613608,0.5563479414280268,0.595,47,69.234375,15402740.0,-0.48,-0.012,0.767,-32.07,-0.74
1776309332.1185029,0.21368330987071368,0.5553057203763495,0.595,47,68.953125,15518368.0,-0.481,-0.013,0.768,-32.07,-0.83
1776309332.2180662,0.2095893157050467,0.5536572213403256,0.592,47,69.265625,15634000.0,-0.48,-0.013,0.769,-32.01,-0.8
1776309332.316928,0.2095893157050467,0.5536572213403256,0.592,47,69.265625,15749612.0,-0.481,-0.011,0.77,-32.0,-0.68
1776309332.416968,0.21049495424395803,0.5533135406239702,0.592,47,69.171875,15807416.0,-0.481,-0.011,0.768,-32.09,-0.71
1776309332.5184722,0.21428892719193318,0.5550722977080826,0.595,47,68.890625,15923048.0,-0.48,-0.011,0.77,-31.98,-0.68
1776309332.619353,0.21765151910800595,0.5494622973689617,0.591,47,68.390625,16038664.0,-0.479,-0.011,0.771,-31.88,-0.71
1776309332.7174482,0.21482269268752452,0.5484270331652894,0.589,47,68.609375,16154292.0,-0.483,-0.013,0.771,-32.06,-0.8
1776309332.8184128,0.2114383339643056,0.5481332693154091,0.5875,47,68.90625,16212108.0,-0.48,-0.012,0.77,-31.95,-0.77
1776309332.9186425,0.21317298869811058,0.554430587981503,0.594,47,68.96875,16327716.0,-0.483,-0.012,0.771,-32.06,-0.77
1776309333.0177367,0.21855028292921036,0.5491054305245597,0.591,47,68.296875,16443324.0,-0.479,-0.011,0.77,-31.91,-0.71
1776309333.1168883,0.2120545288485826,0.56341536790791,0.602,47,69.375,16501136.0,-0.481,-0.013,0.771,-32.0,-0.83
1776309333.2175689,0.21442905849683683,0.557697434880384,0.5975,47,68.96875,16616768.0,-0.479,-0.01,0.766,-32.01,-0.62
1776309333.318827,0.21372851938011778,0.5456336866466206,0.586,47,68.609375,16732380.0,-0.479,-0.012,0.77,-31.87,-0.77
1776309333.4181674,0.2140798878573792,0.5540810424612738,0.594,47,68.875,16848016.0,-0.48,-0.014,0.77,-31.98,-0.86
1776309333.5194592,0.21605247315397327,0.5484811563254035,0.5895,47,68.5,16905816.0,-0.481,-0.014,0.771,-31.94,-0.89
1776309333.618991,0.21785090894010076,0.543462263155384,0.5855,47,68.15625,17021432.0,-0.481,-0.013,0.768,-32.08,-0.8
1776309333.7172844,0.21022079944513236,0.557160179374522,0.5955,47,69.328125,17137056.0,-0.478,-0.01,0.768,-31.89,-0.65
1776309333.8167932,0.21265357441632912,0.559446786824233,0.5985,47,69.1875,17252680.0,-0.481,-0.013,0.766,-32.12,-0.8
1776309333.9166727,0.21670883942608712,0.5541320049542332,0.595,47,68.640625,17310492.0,-0.48,-0.011,0.768,-32.02,-0.68
1776309334.0155368,0.2198938187490875,0.5555654403181892,0.5975,47,68.40625,17426112.0,-0.48,-0.013,0.768,-32.02,-0.8
1776309334.117047,0.21435736557307797,0.5593316724668556,0.599,47,69.03125,17541728.0,-0.481,-0.011,0.771,-31.96,-0.71
1776309334.216346,0.21211421851245038,0.5548365149346719,0.594,47,69.078125,17599544.0,-0.484,-0.012,0.767,-32.24,-0.74
1776309334.315645,0.21336419621888994,0.5613162831878896,0.6005,47,69.1875,17715168.0,-0.48,-0.013,0.766,-32.11,-0.84
1776309334.4138682,0.2146490766493986,0.5560051923260795,0.596,47,68.890625,17830792.0,-0.481,-0.012,0.769,-32.04,-0.77
1776309334.5147264,0.21328320487462488,0.562951396230979,0.602,47,69.25,17946408.0,-0.479,-0.013,0.768,-31.99,-0.8
1776309334.6147535,0.21463349464759104,0.5688553972455237,0.608,47,69.328125,18004232.0,-0.479,-0.011,0.769,-31.96,-0.71
1776309334.7132308,0.21503217531510344,0.5671008848337786,0.6065,47,69.234375,18119864.0,-0.482,-0.011,0.768,-32.12,-0.71
1776309334.8128471,0.21310605935562604,0.5624838286261361,0.6015,47,69.25,18235508.0,-0.481,-0.013,0.771,-31.96,-0.8
1776309334.9119954,0.21368176936903113,0.5686794804099408,0.6075,47,69.40625,18293320.0,-0.479,-0.012,0.771,-31.84,-0.77
1776309335.0114043,0.2144061780559235,0.5635947043855642,0.603,47,69.171875,18408948.0,-0.48,-0.012,0.771,-31.92,-0.74
1776309335.112603,0.2144061780559235,0.5635947043855642,0.603,47,69.171875,18524588.0,-0.479,-0.011,0.768,-31.97,-0.68
1776309335.210344,0.21332991175848443,0.5640029687414041,0.603,47,69.28125,18640220.0,-0.48,-0.012,0.769,-32.01,-0.77
1776309335.3099747,0.21772860279140135,0.5612470539134295,0.602,47,68.796875,18698020.0,-0.48,-0.013,0.767,-32.07,-0.83
1776309335.409494,0.2155291083398074,0.5551283216142441,0.5955,47,68.78125,18813632.0,-0.479,-0.011,0.772,-31.84,-0.71
1776309335.5098126,0.2123617927058973,0.5632996263080045,0.602,47,69.34375,18929280.0,-0.479,-0.013,0.769,-31.93,-0.8
1776309335.6086626,0.2170730559629377,0.555063319248274,0.596,47,68.640625,18987096.0,-0.479,-0.011,0.769,-31.91,-0.68
1776309335.7223005,0.21317609587784223,0.5640611244770207,0.603,47,69.296875,19102716.0,-0.479,-0.012,0.772,-31.83,-0.74
1776309335.809422,0.21382057751237746,0.5579310088463209,0.5975,47,69.03125,19218344.0,-0.481,-0.013,0.771,-32.0,-0.8
1776309335.9096127,0.21468903091915173,0.5629519251259343,0.6025,47,69.125,19333964.0,-0.481,-0.01,0.77,-31.99,-0.62
1776309336.008972,0.21379444235420392,0.5675686622942241,0.6065,47,69.359375,19391788.0,-0.481,-0.011,0.767,-32.13,-0.71
1776309336.1081023,0.2125062043341676,0.5549542103808971,0.59425,47,69.046875,19507424.0,-0.48,-0.012,0.771,-31.94,-0.77
1776309336.2083468,0.21368330987071368,0.5553057203763495,0.595,47,68.953125,19623056.0,-0.48,-0.011,0.774,-31.83,-0.68
1776309336.307603,0.21673969658092265,0.5546567893084963,0.5955,47,68.65625,19738684.0,-0.479,-0.012,0.768,-31.96,-0.74
1776309336.4081075,0.2138157790881888,0.5680948975416966,0.607,47,69.375,19796496.0,-0.48,-0.011,0.769,-32.01,-0.71
1776309336.508862,0.21137288104951626,0.562069172928766,0.6005,47,69.390625,19912128.0,-0.479,-0.012,0.767,-31.95,-0.77
1776309336.609747,0.21712063663696446,0.5646978210922716,0.605,47,68.96875,20027752.0,-0.479,-0.011,0.768,-31.96,-0.71
1776309336.7080536,0.21300695512235127,0.5571716854520739,0.5965,47,69.078125,20085560.0,-0.479,-0.01,0.768,-31.99,-0.62
1776309336.8078117,0.21212074117909674,0.5649929567363037,0.6035,47,69.421875,20201188.0,-0.481,-0.015,0.77,-32.03,-0.96
1776309336.9060693,0.2186497461977486,0.555518936209793,0.597,47,68.515625,20316824.0,-0.48,-0.013,0.771,-31.93,-0.8
1776309337.00645,0.2104928940343226,0.5597291680456321,0.598,47,69.390625,20432452.0,-0.479,-0.009,0.77,-31.91,-0.59
1776309337.1056015,0.21312967576763198,0.5630095392683716,0.602,47,69.265625,20490256.0,-0.479,-0.012,0.769,-31.9,-0.74
1776309337.205406,0.21425247347209098,0.5636531536424603,0.603,47,69.1875,20605876.0,-0.479,-0.01,0.767,-32.0,-0.65
1776309337.3042011,0.21644982393672577,0.5606696654160633,0.601,47,68.890625,20721500.0,-0.479,-0.011,0.768,-31.97,-0.68
1776309337.4063082,0.21661887325119317,0.5552407259481094,0.596,47,68.6875,20779328.0,-0.479,-0.01,0.769,-31.96,-0.65
1776309337.5044854,0.2163755088553699,0.5564086979618307,0.597,47,68.75,20894956.0,-0.477,-0.011,0.765,-31.91,-0.68
1776309337.6043944,0.2133637949443155,0.5447025711403978,0.585,47,68.609375,21010616.0,-0.48,-0.01,0.767,-32.06,-0.65
1776309337.7052803,0.21386058318076925,0.5654059612009599,0.6045,47,69.28125,21126244.0,-0.479,-0.012,0.771,-31.84,-0.77
1776309337.8051443,0.21553214100065157,0.5610230799135408,0.601,47,68.984375,21184060.0,-0.479,-0.012,0.768,-31.99,-0.77
1776309337.9051135,0.20978890442216766,0.5578571641391249,0.596,47,69.390625,21299688.0,-0.479,-0.012,0.765,-32.02,-0.74
1776309338.0046759,0.2141545354064899,0.5615503850633801,0.601,47,69.125,21415324.0,-0.479,-0.012,0.763,-32.11,-0.78
1776309338.1051242,0.21366841748366033,0.5579892986160472,0.5975,47,69.046875,21530952.0,-0.48,-0.013,0.77,-31.96,-0.8
1776309338.2054918,0.21038523006015092,0.5512150714308683,0.59,47,69.109375,21588740.0,-0.481,-0.01,0.77,-31.99,-0.65
1776309338.3058105,0.21257688666605748,0.5519812653119364,0.5915,47,68.9375,21704376.0,-0.479,-0.011,0.761,-32.18,-0.68
1776309338.406723,0.21185566340457798,0.5624217082256038,0.601,47,69.359375,21820020.0,-0.479,-0.013,0.761,-32.22,-0.81
1776309338.506516,0.21640485580708219,0.5569337378747278,0.5975,47,68.765625,21935640.0,-0.482,-0.012,0.772,-31.97,-0.77
1776309338.6052618,0.21947116447629642,0.5562700854471849,0.598,47,68.46875,21993448.0,-0.48,-0.012,0.77,-31.98,-0.74
1776309338.7064686,0.21053554282709014,0.5511576772635055,0.59,47,69.09375,22109080.0,-0.482,-0.013,0.768,-32.13,-0.83
1776309338.8059778,0.22089859738704384,0.5519366446182358,0.5945,47,68.1875,22224708.0,-0.479,-0.013,0.759,-32.24,-0.81
1776309338.9179237,0.21637573403418728,0.553725375724435,0.5945,47,68.65625,22340336.0,-0.481,-0.011,0.771,-31.98,-0.71
1776309339.006623,0.2176361212950565,0.5516189977762218,0.593,47,68.46875,22398168.0,-0.481,-0.013,0.771,-31.97,-0.83
1776309339.1063066,0.21673324588463222,0.5519743654630273,0.593,47,68.5625,22513804.0,-0.48,-0.013,0.78,-31.64,-0.79
1776309339.207253,0.21282370966684852,0.5668653443311216,0.6055,47,69.421875,22629416.0,-0.482,-0.012,0.769,-32.07,-0.74
1776309339.3069255,0.21541597048155028,0.5602642431580761,0.60025,47,68.96875,22687224.0,-0.48,-0.011,0.77,-31.95,-0.71
1776309339.406267,0.21428047903139436,0.5679197798158435,0.607,47,69.328125,22802856.0,-0.479,-0.013,0.763,-32.1,-0.84
1776309339.505326,0.21304261040316425,0.5563550203355817,0.59575,47,69.046875,22918492.0,-0.479,-0.013,0.766,-32.05,-0.81
1776309339.604842,0.21130351134689782,0.5604924853131141,0.599,47,69.34375,22976304.0,-0.483,-0.013,0.77,-32.09,-0.8
1776309339.7042189,0.21320021841057316,0.5595062371141933,0.59875,47,69.140625,23091932.0,-0.48,-0.01,0.77,-31.95,-0.62
1776309339.8028176,0.21495229849718925,0.555888036722122,0.596,47,68.859375,23207576.0,-0.48,-0.01,0.773,-31.84,-0.65
1776309339.9037616,0.21620668342913327,0.5687942686425159,0.6085,47,69.1875,23323208.0,-0.478,-0.012,0.769,-31.88,-0.74
1776309340.0037673,0.2166834547756983,0.5621872734476191,0.6025,47,68.921875,23381024.0,-0.48,-0.013,0.771,-31.93,-0.83
1776309340.1028132,0.21667771217815443,0.5536072787141088,0.5945,47,68.625,23496632.0,-0.48,-0.011,0.768,-32.04,-0.68
1776309340.201006,0.21231572263712317,0.5622481960140701,0.601,47,69.3125,23612256.0,-0.479,-0.011,0.765,-32.02,-0.68
1776309340.3020504,0.21510388544788372,0.5558293969063023,0.596,47,68.84375,23727900.0,-0.48,-0.012,0.771,-31.92,-0.77
1776309340.4007556,0.2149960416157997,0.5628347466970544,0.6025,47,69.09375,23785732.0,-0.479,-0.012,0.767,-32.01,-0.74
1776309340.5009673,0.21438195635725274,0.5630689360890343,0.6025,47,69.15625,23901372.0,-0.48,-0.013,0.771,-31.91,-0.8
1776309340.6000717,0.21415177831019588,0.5583395166442912,0.598,47,69.015625,24017008.0,-0.48,-0.011,0.767,-32.06,-0.68
1776309340.700068,0.21793695040065916,0.5515002136446192,0.593,47,68.4375,24074820.0,-0.481,-0.012,0.771,-31.96,-0.74
1776309340.7993958,0.21293316176955782,0.5588053942284553,0.598,47,69.140625,24190452.0,-0.482,-0.012,0.77,-32.05,-0.77
1776309340.8984869,0.2104928940343226,0.5597291680456321,0.598,47,69.390625,24306080.0,-0.479,-0.014,0.771,-31.86,-0.89
1776309340.997241,0.214137546738318,0.5551307153066696,0.595,47,68.90625,24421704.0,-0.48,-0.01,0.766,-32.09,-0.65
1776309341.0985532,0.2158497073494796,0.5410315645478959,0.5825,47,68.25,24479504.0,-0.482,-0.012,0.767,-32.15,-0.74
1776309341.1973345,0.21305786162871304,0.5523317369101653,0.592,47,68.90625,24595160.0,-0.481,-0.01,0.768,-32.07,-0.65
1776309341.2961092,0.21140002922452966,0.5529683785207505,0.592,47,69.078125,24710784.0,-0.479,-0.012,0.768,-31.99,-0.74
1776309341.3977704,0.20983808125382655,0.5524934204637304,0.591,47,69.203125,24768612.0,-0.479,-0.01,0.77,-31.88,-0.65
1776309341.4967196,0.21232359473510787,0.5451088800586188,0.585,47,68.71875,24884228.0,-0.48,-0.013,0.769,-31.97,-0.8
1776309341.5977674,0.2106003497727476,0.555412902871005,0.594,47,69.234375,24999840.0,-0.48,-0.015,0.771,-31.9,-0.95
1776309341.6977732,0.21771957110148515,0.5505108430897482,0.592,47,68.421875,25115452.0,-0.48,-0.012,0.771,-31.93,-0.77
1776309341.7981699,0.21608967447926034,0.5597367707980666,0.6,47,68.890625,25173280.0,-0.481,-0.012,0.77,-32.0,-0.77
1776309341.8967097,0.2153262512102127,0.5600308969510132,0.6,47,68.96875,25288900.0,-0.481,-0.014,0.768,-32.09,-0.9
1776309341.995926,0.2104928940343226,0.5597291680456321,0.598,47,69.390625,25404512.0,-0.481,-0.012,0.77,-32.03,-0.77
1776309342.0970361,0.21185566340457798,0.5624217082256038,0.601,47,69.359375,25520132.0,-0.478,-0.013,0.768,-31.89,-0.8
1776309342.195634,0.21995104498883508,0.540996800183069,0.584,47,67.875,25577944.0,-0.48,-0.013,0.771,-31.94,-0.8
1776309342.2965999,0.20953970908189867,0.5558139169882967,0.594,47,69.34375,25693568.0,-0.479,-0.012,0.771,-31.89,-0.77
1776309342.3975816,0.2137113043261361,0.5558306652238806,0.5955,47,68.96875,25809196.0,-0.48,-0.011,0.77,-31.95,-0.68
1776309342.4975448,0.21356868200341264,0.5590980844783188,0.5985,47,69.09375,25867000.0,-0.48,-0.011,0.768,-32.02,-0.68
1776309342.5969737,0.21655345886842328,0.5423657432509192,0.584,47,68.234375,25982628.0,-0.479,-0.013,0.769,-31.93,-0.83
1776309342.6967943,0.21180936971801748,0.5613704578080826,0.6,47,69.328125,26098252.0,-0.48,-0.012,0.766,-32.06,-0.74
1776309342.7962954,0.21639493137300933,0.5596188289148879,0.6,47,68.859375,26213876.0,-0.481,-0.013,0.771,-31.97,-0.83
1776309342.894739,0.21717012285165666,0.5625354546520569,0.603,47,68.890625,26271692.0,-0.481,-0.013,0.771,-31.97,-0.8
1776309342.9942698,0.21310605935562604,0.5624838286261361,0.6015,47,69.25,26387308.0,-0.478,-0.01,0.767,-31.93,-0.65
1776309343.0943995,0.21792024843549945,0.5590266230885701,0.6,47,68.703125,26502944.0,-0.483,-0.01,0.768,-32.18,-0.62
1776309343.1930473,0.21377765170178303,0.5541977225078348,0.594,47,68.90625,26560768.0,-0.481,-0.012,0.769,-32.06,-0.74
1776309343.293808,0.21518529409761558,0.5423721408812613,0.5835,47,68.359375,26676404.0,-0.478,-0.009,0.766,-31.96,-0.59
1776309343.392602,0.21157133214069504,0.5630628929491018,0.6015,47,69.40625,26792036.0,-0.479,-0.01,0.768,-31.97,-0.62
1776309343.4922853,0.21940701414703798,0.5552202825393553,0.597,47,68.4375,26907672.0,-0.479,-0.014,0.764,-32.09,-0.9
1776309343.591163,0.21089054632553114,0.5617162784453723,0.6,47,69.421875,26965476.0,-0.48,-0.011,0.767,-32.05,-0.68
1776309343.6891031,0.2136416481588106,0.5574641209728093,0.597,47,69.03125,27081108.0,-0.482,-0.012,0.771,-32.05,-0.74
1776309343.790561,0.22446763071377468,0.5440096807610546,0.5885,47,67.578125,27196736.0,-0.48,-0.012,0.769,-31.98,-0.77
1776309343.8902209,0.21547754121772508,0.5444076406799997,0.5855,47,68.40625,27254540.0,-0.48,-0.01,0.77,-31.95,-0.65
1776309343.9918985,0.21577680218137776,0.5421370874975984,0.5835,47,68.296875,27370172.0,-0.48,-0.013,0.767,-32.03,-0.8
1776309344.0922766,0.21570170518963208,0.5582786261162835,0.5985,47,68.875,27485792.0,-0.482,-0.011,0.768,-32.1,-0.68
1776309344.1911108,0.21346271880524378,0.5569972330992977,0.5965,47,69.03125,27601416.0,-0.48,-0.013,0.769,-31.97,-0.8
1776309344.2903502,0.21307743828522835,0.5555384822798549,0.595,47,69.015625,27659228.0,-0.48,-0.012,0.772,-31.89,-0.74
1776309344.3894866,0.21588072337258746,0.545861258266355,0.587,47,68.421875,27774852.0,-0.481,-0.013,0.771,-31.97,-0.83
1776309344.4903355,0.21355732871986552,0.5430152091332574,0.5835,47,68.53125,27890488.0,-0.481,-0.012,0.771,-31.97,-0.77
1776309344.5905657,0.21158522949069417,0.5598517131003266,0.5985,47,69.296875,28006124.0,-0.481,-0.011,0.769,-32.04,-0.68
1776309344.6900122,0.21330669377076125,0.5634771551647739,0.6025,47,69.265625,28063952.0,-0.479,-0.01,0.768,-31.94,-0.65
1776309344.7899244,0.21486800499350758,0.5602068728872487,0.6,47,69.015625,28179596.0,-0.48,-0.012,0.769,-32.01,-0.74
1776309344.8908136,0.21643237769125678,0.547256133713373,0.5885,47,68.421875,28295212.0,-0.482,-0.01,0.767,-32.14,-0.65
1776309344.9887614,0.21140998626184762,0.556175168187834,0.595,47,69.1875,28353024.0,-0.482,-0.012,0.767,-32.14,-0.74
1776309345.0884876,0.2170052519515628,0.5593824457608932,0.6,47,68.796875,28468668.0,-0.481,-0.013,0.771,-31.94,-0.8
1776309345.1872394,0.21626913757080496,0.5494705725827183,0.5905,47,68.515625,28584296.0,-0.481,-0.011,0.767,-32.11,-0.68
1776309345.2872224,0.21127984629372246,0.5599670316635624,0.5985,47,69.328125,28699932.0,-0.481,-0.012,0.769,-32.04,-0.74
1776309345.3860629,0.21251801907391057,0.5509322477119133,0.5905,47,68.90625,28757740.0,-0.481,-0.011,0.768,-32.05,-0.71
1776309345.4866035,0.21286841656660757,0.5641773100971229,0.603,47,69.328125,28873380.0,-0.48,-0.012,0.772,-31.89,-0.74
1776309345.5864224,0.21500922610686404,0.5569380869440762,0.597,47,68.890625,28989000.0,-0.482,-0.014,0.771,-32.02,-0.86
1776309345.6861422,0.22060309949198426,0.5595860277870863,0.6015,47,68.484375,29104624.0,-0.479,-0.013,0.771,-31.82,-0.8
1776309345.7850952,0.21671859970443655,0.5492934539407404,0.5905,47,68.46875,29162436.0,-0.481,-0.011,0.769,-32.02,-0.68
1776309345.8852346,0.21151174968463632,0.558275720182549,0.597,47,69.25,29278060.0,-0.481,-0.011,0.769,-32.02,-0.68
1776309345.984344,0.21502083682418816,0.5633604882590062,0.603,47,69.109375,29393700.0,-0.479,-0.01,0.768,-31.97,-0.65
1776309346.0833483,0.21152459713530825,0.5569339344183882,0.59575,47,69.203125,29451520.0,-0.479,-0.014,0.77,-31.92,-0.86
1776309346.1835396,0.2127801626625584,0.5639434057397029,0.60275,47,69.328125,29567152.0,-0.48,-0.013,0.768,-32.0,-0.8
1776309346.2821376,0.21902356696152342,0.5516075843527272,0.5935,47,68.34375,29682760.0,-0.477,-0.013,0.77,-31.75,-0.8
1776309346.382901,0.21249235801369318,0.5627159565764779,0.6015,47,69.3125,29798380.0,-0.481,-0.009,0.77,-32.01,-0.59
1776309346.4824533,0.21554945029306222,0.5583374288710714,0.5985,47,68.890625,29856204.0,-0.479,-0.013,0.771,-31.87,-0.83
1776309346.5833695,0.21372114441027198,0.5590398218659953,0.5985,47,69.078125,29971812.0,-0.479,-0.012,0.77,-31.9,-0.74
1776309346.6834774,0.21885470894936246,0.544675698347824,0.587,47,68.109375,30087444.0,-0.479,-0.01,0.768,-31.99,-0.65
1776309346.7829096,0.21374870300573504,0.5536729557810876,0.5935,47,68.890625,30145252.0,-0.48,-0.012,0.77,-31.95,-0.74
1776309346.8829525,0.21200309826026079,0.5527374479154187,0.592,47,69.015625,30260876.0,-0.479,-0.012,0.767,-32.01,-0.77
1776309346.9821022,0.21308554438116634,0.5587473049382717,0.598,47,69.125,30376508.0,-0.481,-0.011,0.773,-31.91,-0.68
1776309347.0832155,0.21456111821417118,0.5710197251852903,0.61,47,69.40625,30492144.0,-0.479,-0.012,0.768,-31.99,-0.74
1776309347.1821468,0.2165195404574612,0.5590344699569874,0.5995,47,68.828125,30549964.0,-0.483,-0.013,0.771,-32.07,-0.8
1776309347.2823632,0.2115088596841427,0.5550675655045191,0.594,47,69.140625,30665596.0,-0.484,-0.011,0.776,-31.97,-0.7
1776309347.384024,0.2187700735709113,0.5500942236651627,0.592,47,68.3125,30781220.0,-0.513,0.102,0.757,-33.88,6.34
1776309347.4835598,0.21247591896568888,0.5589794127333187,0.598,47,69.1875,30896832.0,-0.449,-0.024,0.746,-31.04,-1.57
1776309347.5846512,0.21402613568280088,0.5621343818382641,0.6015,47,69.15625,30954640.0,-0.458,0.182,0.744,-30.88,11.74
1776309347.6836727,0.21629691695752795,0.560728672099678,0.601,47,68.90625,31070312.0,-0.651,0.059,1.11,-30.36,2.63
1776309347.7854388,0.21198986317077922,0.55541925417907,0.5945,47,69.109375,31185916.0,-0.709,0.188,0.814,-40.34,9.88
1776309347.883967,0.21516505530991,0.5515142781229543,0.592,47,68.6875,31243724.0,-0.837,0.23,0.764,-46.4,11.47
1776309347.9855132,0.21822511773149914,0.558907682887857,0.6,47,68.671875,31359448.0,-0.991,0.09,0.392,-67.91,4.84
1776309348.087202,0.21697962586528194,0.5534890170178287,0.5945,47,68.59375,31475144.0,-1.24,0.178,0.014,-81.8,8.18
1776309348.1869252,0.21171353174259788,0.5592686120971532,0.598,47,69.265625,31590816.0,-1.239,0.223,-0.365,-70.97,9.78
1776309348.28659,0.21304492437470593,0.5646451188119631,0.6035,47,69.328125,31648652.0,-1.254,0.217,-0.293,-73.78,9.58
1776309348.3865511,0.221878888787078,0.5483083153761317,0.5915,47,67.96875,31764320.0,-1.256,0.27,-0.392,-69.26,11.57
1776309348.486387,0.21128400884622986,0.5567578626349756,0.5955,47,69.21875,31880060.0,-1.28,0.11,-0.381,-72.79,4.72
1776309348.5859375,0.21336404976631163,0.5581057536590346,0.5975,47,69.078125,31995716.0,-1.285,0.171,-0.302,-74.89,7.4
1776309348.6846526,0.21276729304797895,0.5602058920691886,0.59925,47,69.203125,32053576.0,-1.319,0.15,-0.402,-71.96,6.22
1776309348.7854881,0.21308217207646687,0.5619581727701582,0.601,47,69.234375,32169244.0,-1.265,0.175,-0.348,-72.89,7.61
1776309348.8856435,0.21011715358501584,0.5582678853107448,0.5965,47,69.375,32284920.0,-1.271,0.202,-0.379,-71.32,8.66
1776309348.985085,0.21321184210031588,0.5581639189236348,0.5975,47,69.09375,32342748.0,-1.286,0.195,-0.338,-73.1,8.35
1776309349.084762,0.21441131116875675,0.5544889896498348,0.5945,47,68.859375,32458420.0,-1.285,0.21,-0.379,-71.36,8.93
1776309349.184748,0.21190087325863244,0.5634731758586463,0.602,47,69.390625,32574120.0,-1.294,0.145,-0.422,-70.97,6.06
1776309349.2839632,0.21419178378640755,0.5658152346467854,0.605,47,69.265625,32689784.0,-1.262,0.183,-0.341,-72.95,7.95
1776309349.3835607,0.21432505493522694,0.5671012549157443,0.60625,47,69.296875,32747632.0,-1.274,0.143,-0.434,-70.27,6.07
1776309349.4818985,0.21070141483116744,0.5575131512243853,0.596,47,69.296875,32863288.0,-1.269,0.177,-0.33,-73.57,7.7
1776309349.580682,0.2132152424293025,0.5447607368339,0.585,47,68.625,32978940.0,-1.298,0.198,-0.435,-69.79,8.24
1776309349.6819232,0.21229826351504869,0.5585120386424047,0.5975,47,69.1875,33036780.0,-1.249,0.195,-0.358,-71.9,8.55
1776309349.7804968,0.21048111655822346,0.548769315899134,0.58775,47,69.015625,33152448.0,-1.278,0.193,-0.442,-69.31,8.12
1776309349.8812656,0.2184794368304225,0.5480572375968238,0.59,47,68.265625,33268132.0,-1.26,0.149,-0.455,-69.2,6.37
1776309349.9790814,0.21343555162688418,0.5564721604013337,0.596,47,69.015625,33383796.0,-1.252,0.212,-0.39,-70.5,9.18
1776309350.0786037,0.21382335057294227,0.5611415371809154,0.6005,47,69.140625,33441620.0,-1.27,0.16,-0.442,-69.68,6.79
1776309350.1779206,0.21516717868684382,0.5541961162043125,0.5945,47,68.78125,33557264.0,-1.26,0.215,-0.387,-70.66,9.26
1776309350.2770445,0.2161310064283357,0.5522104563119705,0.593,47,68.625,33672932.0,-1.268,0.186,-0.507,-66.91,7.76
1776309350.3770008,0.2140211477694548,0.5530315979285859,0.593,47,68.84375,33730776.0,-1.237,0.236,-0.404,-69.27,10.27
1776309350.4778216,0.21667771217815443,0.5536072787141088,0.5945,47,68.625,33846512.0,-1.282,0.153,-0.459,-69.33,6.4
1776309350.5776422,0.21057381506132905,0.5580957968042021,0.5965,47,69.328125,33962160.0,-1.139,0.077,-0.232,-77.9,3.77
1776309350.6788194,0.21125591037770328,0.5594416326396239,0.598,47,69.3125,34077844.0,-0.965,0.169,-0.099,-78.52,9.9
1776309350.7791615,0.21449088917887954,0.5480199891055559,0.5885,47,68.625,34135656.0,-1.369,0.069,0.543,-68.19,2.68
1776309350.8791957,0.21488775674183427,0.5494754334840296,0.59,47,68.640625,34251292.0,-0.811,-0.219,1.166,-34.36,-8.77
1776309350.9807389,0.21290737921027908,0.5582801249174204,0.5975,47,69.125,34366940.0,-0.795,-0.146,0.688,-48.52,-7.91
1776309351.0803437,0.21718475627347555,0.5517968662854393,0.593,47,68.515625,34482600.0,-0.729,-0.042,0.702,-46.04,-2.37
1776309351.182101,0.2120675677488564,0.5602038438899578,0.599,47,69.265625,34540384.0,-0.788,-0.032,0.749,-46.45,-1.7
1776309351.282304,0.21612985366645826,0.5575767986153256,0.598,47,68.8125,34656004.0,-0.718,-0.023,0.658,-47.5,-1.38
1776309351.3834436,0.21453550161564983,0.5630104515428835,0.6025,47,69.140625,34771604.0,-0.782,-0.067,0.641,-50.53,-3.79
1776309351.4839823,0.21321184210031588,0.5581639189236348,0.5975,47,69.09375,34887244.0,-0.778,-0.054,0.724,-47.01,-2.89
1776309351.5852213,0.21142764258483204,0.5534930911502153,0.5925,47,69.09375,34945048.0,-0.791,-0.036,0.636,-51.17,-2.01
1776309351.685241,0.2129513440529879,0.5454007472180672,0.5855,47,68.671875,35060696.0,-0.771,-0.059,0.721,-46.85,-3.2
1776309351.7850235,0.21364601493367186,0.5467397738439753,0.587,47,68.65625,35176316.0,-0.727,-0.014,0.65,-48.18,-0.8
1776309351.8850305,0.21404246964164542,0.5481952856325064,0.5885,47,68.671875,35291940.0,-0.801,-0.07,0.654,-50.63,-3.86
1776309351.9868124,0.21072600424799331,0.5580383509524007,0.5965,47,69.3125,35349752.0,-0.722,-0.036,0.656,-47.7,-2.09
1776309352.086134,0.21481489593908534,0.5591561145893693,0.599,47,68.984375,35465368.0,-0.808,-0.072,0.655,-50.82,-3.95
1776309352.185166,0.2147332033524418,0.557580399026005,0.5975,47,68.9375,35580996.0,-0.78,-0.025,0.684,-48.72,-1.38
1776309352.2849913,0.21389969173225215,0.5595068559694756,0.599,47,69.078125,35638812.0,-0.817,-0.061,0.652,-51.29,-3.31
1776309352.385731,0.21413832631404042,0.5497679303155301,0.59,47,68.71875,35754448.0,-0.756,-0.058,0.703,-47.01,-3.19
1776309352.4851081,0.21999011774666194,0.5571403307011706,0.599,47,68.453125,35870064.0,-0.752,-0.016,0.667,-48.44,-0.92
1776309352.5843463,0.2152554564014126,0.5557707157537355,0.596,47,68.828125,35985712.0,-0.83,-0.089,0.708,-49.32,-4.69
1776309352.6834912,0.2156585337434682,0.560438798463862,0.6005,47,68.953125,36043508.0,-0.796,-0.006,0.628,-51.73,-0.33
1776309352.7839954,0.21678547560742187,0.5503419914613675,0.5915,47,68.5,36159136.0,-0.949,-0.041,0.783,-50.44,-1.91
1776309352.884465,0.21275657972325615,0.5524478597881086,0.592,47,68.9375,36274828.0,-0.885,0.514,0.653,-46.81,25.05
1776309352.9820788,0.21217101140225936,0.5590952172220242,0.598,47,69.21875,36332688.0,-1.133,0.416,0.185,-68.13,19.89
1776309353.0827959,0.21217101140225936,0.5590952172220242,0.598,47,69.21875,36448480.0,-0.954,0.099,-0.288,-72.32,5.65
1776309353.1953926,0.2156585337434682,0.560438798463862,0.6005,47,68.953125,36564144.0,-0.695,-0.079,0.456,-56.38,-5.4
1776309353.280315,0.21850287864492465,0.5399655007719302,0.5825,47,67.96875,36679836.0,-0.64,0.315,0.983,-31.8,15.05
1776309353.3792355,0.21161828148257308,0.5485997657148264,0.588,47,68.90625,36737696.0,-0.674,0.401,0.779,-37.56,21.29
1776309353.4784493,0.21451086574826445,0.5624847451050828,0.602,47,69.125,36853424.0,-0.767,0.304,0.636,-47.42,16.95
1776309353.5765293,0.2101408992282451,0.5587931660923785,0.597,47,69.390625,36969148.0,-0.752,0.327,0.548,-49.69,19.35
1776309353.6748235,0.21130944185952455,0.5572829799850487,0.596,47,69.234375,37027016.0,-0.79,0.311,0.589,-49.84,17.49
1776309353.7762024,0.21259560534566704,0.555187678706678,0.5945,47,69.046875,37142728.0,-0.719,0.384,0.574,-46.16,22.65
1776309353.873769,0.215140750725292,0.565990024097031,0.6055,47,69.1875,37258448.0,-0.751,0.351,0.592,-47.53,20.13
1776309353.9750638,0.21357444779900095,0.5660485449564833,0.605,47,69.328125,37374164.0,-0.732,0.306,0.648,-45.61,17.36
1776309354.0727122,0.2153642206039656,0.5675096937353991,0.607,47,69.21875,37432024.0,-0.752,0.366,0.563,-48.28,21.27
1776309354.1707363,0.21543094169447904,0.562132999707925,0.602,47,69.03125,37547756.0,-0.735,0.338,0.647,-45.21,19.03
1776309354.2703238,0.2144353336981927,0.5609079582799167,0.6005,47,69.078125,37663480.0,-0.73,0.388,0.584,-46.17,22.54
1776309354.370576,0.2158390123932681,0.5641183570219096,0.604,47,69.0625,37721344.0,-0.733,0.336,0.614,-46.33,19.35
1776309354.4679358,0.21199361089105345,0.5586277463046144,0.5975,47,69.21875,37837068.0,-0.705,0.368,0.573,-45.98,22.07
1776309354.5672107,0.21269190875850924,0.5637095013822829,0.6025,47,69.328125,37952792.0,-0.747,0.355,0.612,-46.54,20.2
1776309354.6682222,0.21377278884925507,0.5600905683437384,0.5995,47,69.109375,38068520.0,-0.701,0.352,0.644,-43.69,20.29
1776309354.76722,0.2102693897185204,0.5582105639876417,0.5965,47,69.359375,38126368.0,-0.731,0.348,0.606,-46.32,20.1
1776309354.8679554,0.22390058616292913,0.5485661104332793,0.5925,47,67.796875,38242064.0,-0.68,0.339,0.668,-42.22,19.57
1776309354.9660866,0.21737576373814027,0.5549448417088497,0.596,47,68.609375,38357756.0,-0.671,0.374,0.595,-43.68,22.63
1776309355.0659015,0.21397272163936798,0.5578726775835519,0.5975,47,69.015625,38415624.0,-0.56,0.343,0.774,-33.49,19.74
1776309355.1638696,0.21671859970443655,0.5492934539407404,0.5905,47,68.46875,38531364.0,-0.415,0.258,0.952,-22.8,13.97
1776309355.264124,0.2073966745155588,0.5496752399370809,0.5875,47,69.328125,38647032.0,-0.653,-0.153,0.675,-43.34,-9.25
1776309355.3626957,0.21281847437673806,0.5508162551740441,0.5905,47,68.875,38762716.0,0.02,1.282,-0.395,0.83,72.85
1776309355.4634168,0.21905752304024617,0.5521320508714125,0.594,47,68.359375,38820540.0,-1.135,0.882,-0.387,-49.68,36.34
1776309355.5650668,0.21389074286881127,0.5562973576380065,0.596,47,68.96875,38936288.0,-1.131,0.511,0.197,-64.16,24.0
1776309355.6643443,0.2146490766493986,0.5560051923260795,0.596,47,68.890625,39052044.0,-1.077,0.384,0.297,-65.71,18.99
1776309355.7654998,0.22275644934151856,0.5565786685426953,0.5995,47,68.1875,39167780.0,-1.136,0.42,0.212,-67.48,19.99
1776309355.864579,0.21377213794372174,0.5651721291243671,0.60425,47,69.28125,39225672.0,-1.063,0.432,0.314,-63.31,21.3
1776309355.9636574,0.21609937071768565,0.5468501275261991,0.588,47,68.4375,39341412.0,-1.118,0.37,0.257,-68.03,17.89
1776309356.0641642,0.21852106854635034,0.5534198610470726,0.595,47,68.453125,39457168.0,-1.019,0.399,0.298,-63.95,20.59
1776309356.163427,0.2126223498621047,0.5621323121286631,0.601,47,69.28125,39515024.0,-1.096,0.393,0.233,-67.37,19.33
1776309356.2632668,0.21495229849718925,0.555888036722122,0.596,47,68.859375,39630760.0,-1.006,0.358,0.363,-63.14,18.5
1776309356.364651,0.21756943446406446,0.5505701964209352,0.592,47,68.4375,39746496.0,-1.049,0.411,0.325,-63.46,20.5
1776309356.463851,0.21284247201977824,0.5540219599478977,0.5935,47,68.984375,39862240.0,-1.046,0.358,0.319,-65.36,18.14
1776309356.564775,0.2143525392185208,0.5534394627514129,0.5935,47,68.828125,39920124.0,-1.088,0.351,0.378,-64.66,16.92
1776309356.6647203,0.21789096394981597,0.5585013677951202,0.5995,47,68.6875,40035860.0,-1.05,0.348,0.338,-65.18,17.52
1776309356.763952,0.21962681479131135,0.5588956183623406,0.6005,47,68.546875,40151600.0,-1.075,0.287,0.396,-65.56,14.07
1776309356.8621972,0.2113038926722937,0.5540755047297578,0.593,47,69.125,40209480.0,-1.059,0.278,0.316,-68.32,14.11
1776309356.9628358,0.211914787965725,0.5602616555159221,0.599,47,69.28125,40325268.0,-1.085,0.355,0.266,-67.78,17.62
1776309357.0626535,0.21343555162688418,0.5564721604013337,0.596,47,69.015625,40441036.0,-1.132,0.319,0.227,-70.94,15.44
1776309357.1625428,0.21229826351504869,0.5585120386424047,0.5975,47,69.1875,40556824.0,-1.072,0.285,0.355,-66.98,14.15
1776309357.2640083,0.20895965048229345,0.5533607453283236,0.5915,47,69.3125,40614700.0,-1.167,0.286,0.264,-71.57,13.42
1776309357.3636827,0.2140522656019331,0.5594485030730527,0.599,47,69.0625,40730468.0,-1.19,0.245,0.362,-69.84,11.12
1776309357.463721,0.21353186578346092,0.5553639728097547,0.595,47,68.96875,40846192.0,-1.026,0.253,-0.048,-75.91,13.84
1776309357.5628982,0.21649140211351472,0.5518007206509652,0.59275,47,68.578125,40961960.0,-0.91,0.288,-0.713,-49.81,13.99
1776309357.6631658,0.21920808555205543,0.5520722916689468,0.594,47,68.34375,41019824.0,-1.069,0.176,-0.68,-56.71,7.92
1776309357.7629056,0.21495523489653187,0.5545464899271988,0.59475,47,68.8125,41135476.0,-1.175,0.106,-0.535,-65.11,4.71
1776309357.8632832,0.21736788001400972,0.5522621250259836,0.5935,47,68.515625,41251140.0,-1.28,0.239,-0.598,-63.29,9.59
1776309357.9621592,0.21477348236666682,0.551398597905449,0.59175,47,68.71875,41308960.0,-1.222,0.191,-0.504,-66.2,8.22
1776309358.0624535,0.21610424636520362,0.5543680678961653,0.595,47,68.703125,41424636.0,-1.231,0.204,-0.669,-60.38,8.29
1776309358.1618283,0.21641897438069757,0.5494115738933856,0.5905,47,68.5,41540312.0,-1.166,0.138,-0.636,-60.83,5.94
1776309358.2617867,0.21139807837037164,0.5575167396243041,0.59625,47,69.234375,41655992.0,-1.259,0.186,-0.56,-64.9,7.69
1776309358.359952,0.21138411654344022,0.5588586630563664,0.5975,47,69.28125,41713832.0,-1.171,0.121,-0.623,-61.54,5.2
1776309358.4601147,0.21275176831762835,0.5615486934164501,0.6005,47,69.25,41829488.0,-1.281,0.169,-0.578,-64.83,6.87
1776309358.5597732,0.21580107811381655,0.5469679101052588,0.588,47,68.46875,41945132.0,-1.172,0.13,-0.693,-58.96,5.45
1776309358.6602337,0.21016437398847096,0.5593185013085425,0.5975,47,69.40625,42002956.0,-1.273,0.153,-0.625,-63.18,6.15
1776309358.7596724,0.21404244148394178,0.5562390073013518,0.596,47,68.953125,42118616.0,-1.136,0.122,-0.697,-58.07,5.21
1776309358.860257,0.21143254575427328,0.5599093932020316,0.5985,47,69.3125,42234256.0,-1.23,0.115,-0.574,-64.55,4.83
1776309358.9593792,0.21393091962958571,0.5527984480137763,0.59275,47,68.84375,42349888.0,-1.2,0.095,-0.728,-58.54,3.86
1776309359.058954,0.21452027918403127,0.5699667093952113,0.609,47,69.375,42407696.0,-1.24,0.108,-0.592,-64.11,4.51
1776309359.158038,0.21130944185952455,0.5572829799850487,0.596,47,69.234375,42523328.0,-1.191,0.055,-0.726,-58.56,2.27
1776309359.2583392,0.21313285507990357,0.5667491826950338,0.6055,47,69.390625,42639000.0,-1.201,-0.008,-0.594,-63.68,-0.33
1776309359.3565419,0.21199361089105345,0.5586277463046144,0.5975,47,69.21875,42696828.0,-1.177,0.039,-0.699,-59.25,1.61
1776309359.4581652,0.21237288369761728,0.5568785848548661,0.596,47,69.125,42812496.0,-1.227,0.012,-0.544,-66.08,0.52
1776309359.5572073,0.21510388544788372,0.5558293969063023,0.596,47,68.84375,42928120.0,-0.84,0.215,-1.047,-38.17,9.09
1776309359.6578488,0.21343555162688418,0.5564721604013337,0.596,47,69.015625,43043804.0,-0.981,-0.035,0.282,-73.87,-1.94
1776309359.7580588,0.21412937398495024,0.561024831176672,0.6005,47,69.109375,43101644.0,-1.211,-0.678,1.079,-43.55,-22.67
1776309359.857541,0.21397272163936798,0.5578726775835519,0.5975,47,69.015625,43217408.0,-0.911,-0.194,0.71,-51.06,-9.53
1776309359.9556818,0.21497881087604695,0.5497082620575399,0.59025,47,68.640625,43333072.0,-0.857,-0.147,0.583,-54.94,-8.07
1776309360.0566518,0.21336404976631163,0.5581057536590346,0.5975,47,69.078125,43448700.0,-0.751,-0.15,0.722,-45.53,-8.18
1776309360.158027,0.21237288369761728,0.5568785848548661,0.596,47,69.125,43506520.0,-0.807,-0.133,0.705,-48.38,-7.09
1776309360.2570243,0.21882287973882375,0.5533005939837841,0.595,47,68.421875,43622144.0,-0.744,-0.109,0.725,-45.44,-6.01
1776309360.3567932,0.21168889520363518,0.558743287787392,0.5975,47,69.25,43737788.0,-0.708,-0.064,0.67,-46.41,-3.75
1776309360.4562135,0.21536937556432947,0.557870981562073,0.598,47,68.890625,43795600.0,-0.696,-0.142,0.745,-42.53,-7.93
1776309360.557042,0.2154932858256218,0.5572870837944093,0.5975,47,68.859375,43911264.0,-0.694,-0.091,0.69,-44.92,-5.3
1776309360.6560724,0.21876386125799724,0.5535927523979082,0.59525,47,68.4375,44026864.0,-0.751,-0.123,0.708,-46.26,-6.79
1776309360.7553954,0.2230352770917913,0.5472990637417424,0.591,47,67.828125,44142496.0,-0.638,-0.104,0.688,-42.51,-6.29
1776309360.8545756,0.21392504388084863,0.5487778016652796,0.589,47,68.703125,44200324.0,-0.714,-0.119,0.739,-43.67,-6.59
1776309360.953541,0.211914787965725,0.5602616555159221,0.599,47,69.28125,44315980.0,-0.637,-0.094,0.671,-43.22,-5.81
1776309361.0535717,0.20986778382893567,0.5562245619448418,0.5945,47,69.328125,44431632.0,-0.731,-0.144,0.705,-45.45,-8.05
1776309361.1529605,0.21679586212517987,0.5583910405490045,0.599,47,68.78125,44489448.0,-0.653,-0.158,0.699,-42.35,-9.37
1776309361.2530568,0.21389968593157332,0.5536146442773839,0.5935,47,68.875,44605108.0,-0.761,-0.156,0.719,-45.98,-8.49
1776309361.3517792,0.2151495229861134,0.5627760946938382,0.6025,47,69.078125,44720776.0,-0.681,-0.14,0.704,-43.48,-8.12
1776309361.451584,0.2106993644592868,0.5543056718241773,0.593,47,69.1875,44836472.0,-0.894,-0.311,0.991,-40.73,-13.1
1776309361.551216,0.21221021333027584,0.5537290179847167,0.593,47,69.03125,44894348.0,-0.77,-0.011,0.656,-49.54,-0.61
1776309361.6483426,0.2107257211914485,0.5548305330714451,0.5935,47,69.203125,45010016.0,-1.042,0.275,0.006,-75.22,14.78
1776309361.7494369,0.21361399114154958,0.5633607306056911,0.6025,47,69.234375,45125796.0,-1.087,0.201,0.324,-70.66,10.06
1776309361.8503628,0.21275176831762835,0.5615486934164501,0.6005,47,69.25,45241496.0,-1.159,0.084,0.51,-65.97,3.82
1776309361.9494014,0.21816570557348938,0.5578572621303962,0.599,47,68.640625,45299308.0,-1.034,0.053,0.413,-68.09,2.71
1776309362.0491233,0.21237307998968993,0.5600880956561144,0.599,47,69.234375,45414964.0,-1.142,0.014,0.266,-76.86,0.67
1776309362.1491992,0.2110792750011333,0.5589738720772162,0.5975,47,69.3125,45530616.0,-1.094,-0.029,0.391,-70.3,-1.42
1776309362.2488408,0.21560372817971116,0.5658138230858356,0.6055,47,69.140625,45588452.0,-1.207,-0.001,0.403,-71.54,-0.04
1776309362.3486164,0.21580185336042432,0.5544858520162673,0.595,47,68.734375,45704108.0,-1.084,-0.014,0.453,-67.3,-0.67
1776309362.448103,0.21618662312631268,0.5586271958840185,0.599,47,68.84375,45819788.0,-1.068,0.011,0.412,-68.92,0.54
1776309362.5487213,0.21153651373946863,0.558800996200751,0.5975,47,69.265625,45935424.0,-1.146,-0.063,0.383,-71.3,-3.01
1776309362.6484509,0.2191739864485414,0.5515478344298477,0.5935,47,68.328125,45993260.0,-1.107,-0.024,0.401,-70.06,-1.19
1776309362.7483773,0.21459164027823424,0.5549553386739304,0.595,47,68.859375,46108912.0,-1.106,-0.06,0.404,-69.72,-2.92
1776309362.8484385,0.2199794823123011,0.5544558389643056,0.5965,47,68.359375,46224568.0,-1.062,-0.087,0.421,-67.94,-4.35
1776309362.9481494,0.21760829226762096,0.5650459106447632,0.6055,47,68.9375,46282400.0,-1.071,-0.149,0.419,-67.43,-7.4
1776309363.0489202,0.2176152452969696,0.5537766743140593,0.595,47,68.546875,46398116.0,-1.053,-0.161,0.396,-67.89,-8.15
1776309363.150011,0.2114563541018208,0.5604348403784024,0.599,47,69.328125,46513852.0,-1.147,-0.25,0.381,-68.34,-11.69
1776309363.2490537,0.21760304107693137,0.5618319735597747,0.6025,47,68.828125,46629644.0,-1.005,-0.305,0.395,-63.6,-15.78
1776309363.3464074,0.21616454555094605,0.5554177610112526,0.596,47,68.734375,46687528.0,-1.117,-0.275,0.378,-67.29,-13.14
1776309363.447144,0.2124505661499408,0.5584541225047673,0.5975,47,69.171875,46803316.0,-1.019,-0.35,0.375,-63.25,-17.87
1776309363.5469325,0.21198587752611583,0.5618382665229227,0.6005,47,69.328125,46919088.0,-1.141,-0.352,0.272,-68.68,-16.71
1776309363.6469684,0.21208684413146464,0.5543116637293102,0.5935,47,69.0625,47034884.0,-1.04,-0.369,0.343,-64.14,-18.63
1776309363.7466612,0.21366841748366033,0.5579892986160472,0.5975,47,69.046875,47092760.0,-1.149,-0.342,0.308,-68.2,-16.03
1776309363.8457475,0.2154247127147606,0.5589214552616162,0.599,47,68.921875,47208552.0,-1.021,-0.399,0.337,-62.91,-20.35
1776309363.9445152,0.21801244716725654,0.5552322242811059,0.5965,47,68.5625,47324352.0,-1.058,-0.192,0.3,-71.39,-9.92
1776309364.0435772,0.21507308298734534,0.5611992239609018,0.601,47,69.03125,47382176.0,-0.944,-0.055,0.272,-73.62,-3.22
1776309364.143464,0.2150570933961999,0.5593308583298244,0.59925,47,68.96875,47497804.0,-0.943,-0.057,0.602,-57.34,-2.9
1776309364.2432559,0.21254026827274458,0.5541379650976369,0.5935,47,69.015625,47613488.0,-0.661,0.212,0.73,-41.02,12.14
1776309364.34303,0.22063237675806824,0.5525815363600975,0.595,47,68.234375,47729196.0,-0.597,0.32,0.679,-38.49,19.52
1776309364.440804,0.2180432634667229,0.5584419264854505,0.5995,47,68.671875,47787056.0,-0.562,0.394,0.646,-36.56,24.71
1776309364.5417323,0.2170418968403325,0.5572224107265881,0.598,47,68.71875,47902784.0,-0.555,0.296,0.723,-35.4,18.02
1776309364.6430538,0.2117844824879288,0.5544272567048992,0.5935,47,69.09375,48018496.0,-0.509,0.233,0.73,-33.58,14.67
1776309364.7419622,0.2181322500720477,0.5546479256956666,0.596,47,68.53125,48076352.0,-0.508,0.143,0.749,-33.69,8.95
1776309364.8419974,0.2142926863021683,0.5523901651888822,0.5925,47,68.796875,48192016.0,-0.415,0.152,0.788,-27.33,9.71
1776309364.9413605,0.21420482355265694,0.5593901085707318,0.599,47,69.046875,48307628.0,-0.378,0.065,0.8,-25.25,4.2
1776309365.0424337,0.21510186512061338,0.5504654281802204,0.591,47,68.65625,48423204.0,-0.46,0.026,0.783,-30.44,1.63
1776309365.1432612,0.211482057843181,0.5545426847506092,0.5935,47,69.125,48480992.0,-0.459,0.072,0.713,-32.65,4.84
1776309365.241398,0.21466240177763493,0.5592146754718238,0.599,47,69.0,48596620.0,-0.411,0.03,0.798,-27.25,1.9
1776309365.3420763,0.2127744073686659,0.5556546153582393,0.595,47,69.046875,48712220.0,-0.374,0.071,0.748,-26.48,4.87
1776309365.44194,0.21922325617874064,0.5547552739275133,0.5965,47,68.4375,48827804.0,-0.446,0.015,0.8,-29.14,0.92
1776309365.5416608,0.2180432634667229,0.5584419264854505,0.5995,47,68.671875,48885604.0,-0.38,0.072,0.772,-26.1,4.77
1776309365.6427724,0.21886423748839687,0.556509160345652,0.598,47,68.53125,49001192.0,-0.494,0.018,0.744,-33.57,1.16
1776309365.7419915,0.21125830515402164,0.5562328006360738,0.595,47,69.203125,49116800.0,-0.412,0.058,0.728,-29.45,3.94
1776309365.8419185,0.21473911401376494,0.5562384159805787,0.59625,47,68.890625,49174608.0,-0.45,-0.022,0.835,-28.32,-1.33
1776309365.9406383,0.21133082192346583,0.5546003369140271,0.5935,47,69.140625,49290220.0,-0.346,0.007,0.684,-26.83,0.51
1776309366.0403905,0.2163160042087595,0.5553587906238235,0.596,47,68.71875,49405856.0,-0.309,-0.12,0.854,-19.68,-7.53
1776309366.1403966,0.2104694036329371,0.5592037912375021,0.5975,47,69.375,49521500.0,-0.32,-0.033,0.833,-21.03,-2.13
1776309366.241775,0.21519687485196645,0.5547209253795525,0.595,47,68.796875,49579328.0,-0.341,-0.048,0.727,-25.07,-3.45
1776309366.341302,0.20974063182316788,0.5568068492416542,0.595,47,69.359375,49694976.0,-0.429,-0.029,0.929,-24.78,-1.64
1776309366.4404318,0.21420482355265694,0.5593901085707318,0.599,47,69.046875,49810584.0,-0.43,-0.06,0.789,-28.5,-3.79
1776309366.539131,0.2165301339244288,0.5622463437877289,0.6025,47,68.9375,49868376.0,-0.35,-0.073,0.787,-23.87,-4.83
1776309366.6377547,0.21560792781144164,0.5695561618180038,0.609,47,69.265625,49983984.0,-0.396,-0.235,0.749,-26.81,-15.53
1776309366.736133,0.21620668342913327,0.5687942686425159,0.6085,47,69.1875,50099692.0,-0.384,-0.037,0.775,-26.35,-2.42
1776309366.835336,0.21825075988388873,0.5492245495333444,0.591,47,68.328125,50215300.0,-0.383,-0.02,0.777,-26.21,-1.29
1776309366.9344869,0.2110792750011333,0.5589738720772162,0.5975,47,69.3125,50273104.0,-0.394,-0.027,0.786,-26.62,-1.75
1776309367.033027,0.20878301510572345,0.5528929847659159,0.591,47,69.3125,50388732.0,-0.388,-0.033,0.78,-26.44,-2.15
1776309367.1326246,0.21852106854635034,0.5534198610470726,0.595,47,68.453125,50504360.0,-0.391,-0.035,0.784,-26.47,-2.27
1776309367.2310784,0.21818561400370887,0.5460210965171809,0.588,47,68.21875,50562172.0,-0.39,-0.036,0.782,-26.5,-2.34
1776309367.3299742,0.21535351886813428,0.5471442788799972,0.588,47,68.515625,50677780.0,-0.389,-0.034,0.781,-26.46,-2.24
1776309367.429657,0.21442905849683683,0.557697434880384,0.5975,47,68.96875,50793388.0,-0.389,-0.035,0.78,-26.5,-2.31
1776309367.5264018,0.21399178695062032,0.564821666650351,0.604,47,69.25,50909004.0,-0.389,-0.034,0.779,-26.53,-2.25
1776309367.6260982,0.2141941241808457,0.5561806155974878,0.596,47,68.9375,50966832.0,-0.388,-0.034,0.778,-26.5,-2.22
1776309367.723997,0.21664357653164354,0.5584501416846251,0.599,47,68.796875,51082448.0,-0.388,-0.034,0.781,-26.37,-2.24
1776309367.8251488,0.21830446633725387,0.5524302308683032,0.594,47,68.4375,51198088.0,-0.39,-0.036,0.78,-26.55,-2.37
1776309367.9243345,0.21359770418351556,0.5537312261084175,0.5935,47,68.90625,51255888.0,-0.391,-0.037,0.78,-26.57,-2.4
1776309368.0228987,0.21245523452740986,0.5525638183249997,0.592,47,68.96875,51371508.0,-0.387,-0.037,0.779,-26.41,-2.41
1776309368.1218665,0.21872267913266466,0.551726961125727,0.5935,47,68.375,51487124.0,-0.391,-0.035,0.78,-26.57,-2.31
1776309368.2211118,0.21820393413112274,0.5508568717277662,0.5925,47,68.390625,51602744.0,-0.392,-0.034,0.781,-26.64,-2.24
1776309368.3198001,0.21661464752068094,0.5525580010093883,0.5935,47,68.59375,51660560.0,-0.391,-0.035,0.783,-26.53,-2.27
1776309368.42005,0.21356933546232976,0.5505255570363459,0.5905,47,68.796875,51776192.0,-0.391,-0.037,0.781,-26.55,-2.4
1776309368.5186872,0.21336404976631163,0.5581057536590346,0.5975,47,69.078125,51891808.0,-0.389,-0.035,0.78,-26.5,-2.28
1776309368.618623,0.2110054597300808,0.557398148511544,0.596,47,69.265625,51949608.0,-0.391,-0.035,0.782,-26.56,-2.3
1776309368.7192378,0.21691549438976648,0.56370530270137,0.604,47,68.953125,52065220.0,-0.391,-0.034,0.777,-26.69,-2.22
1776309368.8174071,0.2176690599309936,0.5521434871016387,0.5935,47,68.484375,52180844.0,-0.39,-0.034,0.784,-26.44,-2.2
1776309368.9183874,0.21062602208964204,0.555937882158334,0.5945,47,69.25,52296456.0,-0.391,-0.035,0.78,-26.58,-2.31
1776309369.0170195,0.21280885327898644,0.5548382236887458,0.59425,47,69.015625,52354284.0,-0.392,-0.035,0.78,-26.64,-2.31
1776309369.1170313,0.21047440572069306,0.5559953008223371,0.5945,47,69.265625,52469924.0,-0.391,-0.035,0.776,-26.7,-2.29
1776309369.2159693,0.21743584879603314,0.5546527870283792,0.59575,47,68.59375,52585552.0,-0.392,-0.034,0.78,-26.64,-2.21
1776309369.3143415,0.22034124180070142,0.5505440374408979,0.593,47,68.1875,52643364.0,-0.389,-0.035,0.777,-26.54,-2.28
1776309369.4136746,0.21395759922005053,0.5546642189072523,0.5945,47,68.90625,52758972.0,-0.391,-0.034,0.781,-26.54,-2.21
1776309369.5133195,0.21297613081029457,0.5630676404350335,0.602,47,69.28125,52874604.0,-0.392,-0.037,0.78,-26.63,-2.4
1776309369.6149082,0.21937590052068429,0.5476990179567047,0.59,47,68.171875,52990236.0,-0.391,-0.035,0.777,-26.67,-2.28
1776309369.7145522,0.21733875660462526,0.5597893486639018,0.6005,47,68.78125,53048048.0,-0.391,-0.034,0.781,-26.54,-2.21
1776309369.8131742,0.2138703238403242,0.5530899425775475,0.593,47,68.859375,53163664.0,-0.391,-0.034,0.783,-26.53,-2.21
1776309369.9131064,0.21638433887977346,0.56926164273343,0.609,47,69.1875,53279296.0,-0.392,-0.036,0.779,-26.7,-2.37
1776309370.013071,0.21503728432965552,0.5574631973037565,0.5975,47,68.90625,53337100.0,-0.392,-0.036,0.781,-26.63,-2.37
1776309370.1124027,0.21260486287078736,0.5653451797651535,0.604,47,69.390625,53452724.0,-0.39,-0.036,0.777,-26.63,-2.38
1776309370.2146125,0.21505466006461346,0.5676270722794091,0.607,47,69.25,53568356.0,-0.391,-0.035,0.782,-26.56,-2.3
1776309370.31443,0.21409324381592001,0.5465648021528435,0.587,47,68.609375,53683980.0,-0.39,-0.037,0.78,-26.55,-2.4
1776309370.4153097,0.21167342526957536,0.5523283543641822,0.5915,47,69.03125,53741780.0,-0.389,-0.035,0.78,-26.48,-2.31
1776309370.514751,0.21298021752713212,0.5566465907037386,0.596,47,69.0625,53857404.0,-0.39,-0.036,0.781,-26.5,-2.34
1776309370.6143641,0.21160918113084323,0.5603771537644392,0.599,47,69.3125,53973012.0,-0.392,-0.035,0.779,-26.69,-2.28
1776309370.7135177,0.21222101072685026,0.5569364798664872,0.596,47,69.140625,54088648.0,-0.389,-0.035,0.78,-26.47,-2.28
1776309370.8137577,0.2117080859979592,0.5501726422888371,0.5895,47,68.953125,54146452.0,-0.393,-0.037,0.781,-26.67,-2.4
1776309370.9133193,0.2130222641434031,0.5641192382637009,0.603,47,69.3125,54262080.0,-0.391,-0.038,0.78,-26.6,-2.47
1776309371.0127144,0.208859368664247,0.5544673246650087,0.5925,47,69.359375,54377676.0,-0.388,-0.037,0.78,-26.44,-2.44
1776309371.1132004,0.2117080859979592,0.5501726422888371,0.5895,47,68.953125,54435480.0,-0.392,-0.036,0.78,-26.64,-2.34
1776309371.2128544,0.21206703274554914,0.5484264523365902,0.588,47,68.859375,54551104.0,-0.39,-0.037,0.784,-26.43,-2.39
1776309371.3122756,0.21082374961273403,0.5537233935813325,0.5925,47,69.15625,54666716.0,-0.389,-0.034,0.783,-26.41,-2.24
1776309371.4131339,0.21844360941204846,0.5475332314179994,0.5895,47,68.25,54782344.0,-0.392,-0.037,0.779,-26.67,-2.41
1776309371.511094,0.21592264615817405,0.5539022123769249,0.5945,47,68.703125,54840160.0,-0.391,-0.036,0.78,-26.58,-2.34
1776309371.6098957,0.21037273349485336,0.5571028298275853,0.5955,47,69.3125,54955788.0,-0.39,-0.037,0.778,-26.61,-2.41
1776309371.7089572,0.2153262512102127,0.5600308969510132,0.6,47,68.96875,55071424.0,-0.392,-0.036,0.782,-26.57,-2.37
1776309371.8075397,0.2145839609564674,0.5640620300110913,0.6035,47,69.171875,55129244.0,-0.391,-0.034,0.78,-26.59,-2.24
1776309371.9075208,0.21375017317228936,0.5509917090744798,0.591,47,68.796875,55244880.0,-0.392,-0.036,0.78,-26.67,-2.34
1776309372.0085645,0.2155291083398074,0.5551283216142441,0.5955,47,68.78125,55360480.0,-0.392,-0.034,0.779,-26.67,-2.21
1776309372.108487,0.22205160511031827,0.54446036097032,0.588,47,67.8125,55476120.0,-0.392,-0.035,0.779,-26.69,-2.31
1776309372.2070367,0.2170421826780336,0.5545384936488675,0.5955,47,68.625,55533948.0,-0.393,-0.034,0.777,-26.79,-2.25
1776309372.305091,0.2153971793661905,0.5583961901025912,0.5985,47,68.90625,55649584.0,-0.391,-0.036,0.781,-26.54,-2.34
1776309372.4052415,0.21389716257081054,0.562718405460632,0.602,47,69.1875,55765212.0,-0.391,-0.034,0.78,-26.6,-2.24
1776309372.49978,0.2161625146208113,0.5527350335131722,0.5935,47,68.640625,55880840.0,-0.393,-0.035,0.778,-26.76,-2.31
1776309372.6049292,0.2123464483064744,0.5563535170120036,0.5955,47,69.109375,55938668.0,-0.391,-0.037,0.78,-26.61,-2.4
1776309372.7046463,0.2123330101055905,0.553146402699592,0.5925,47,69.0,56054288.0,-0.393,-0.034,0.779,-26.76,-2.21
1776309372.804886,0.21269796659217807,0.5513987441113306,0.591,47,68.90625,56169904.0,-0.39,-0.035,0.777,-26.64,-2.28
1776309372.903149,0.21181157060293163,0.5549521227626031,0.594,47,69.109375,56227712.0,-0.393,-0.036,0.782,-26.65,-2.36
1776309373.0060253,0.2144301289227312,0.5641205277333745,0.6035,47,69.1875,56343340.0,-0.391,-0.036,0.781,-26.58,-2.34
1776309373.105645,0.21290787172589387,0.5497094579476965,0.5895,47,68.828125,56458992.0,-0.392,-0.035,0.78,-26.63,-2.27
1776309373.2055883,0.20983808125382655,0.5524934204637304,0.591,47,69.203125,56574628.0,-0.392,-0.034,0.781,-26.62,-2.21
1776309373.3048272,0.2136899947308467,0.5526235935534518,0.5925,47,68.859375,56632464.0,-0.391,-0.034,0.781,-26.54,-2.24
1776309373.4028242,0.21269796659217807,0.5513987441113306,0.591,47,68.90625,56748080.0,-0.391,-0.034,0.777,-26.66,-2.25
1776309373.5042496,0.21157857654650986,0.5534354126242309,0.5925,47,69.078125,56863712.0,-0.392,-0.036,0.782,-26.58,-2.33
1776309373.6050346,0.21021960577899443,0.5539530371305172,0.5925,47,69.21875,56921548.0,-0.391,-0.035,0.777,-26.7,-2.31
1776309373.7052195,0.2165272377414678,0.5563496700062379,0.597,47,68.734375,57037160.0,-0.391,-0.036,0.78,-26.58,-2.34
1776309373.8044171,0.21095770785530799,0.5504608028701359,0.5895,47,69.03125,57152784.0,-0.39,-0.035,0.781,-26.53,-2.27
1776309373.9048429,0.21950283465661277,0.5567950750300436,0.5985,47,68.484375,57268412.0,-0.389,-0.036,0.775,-26.64,-2.35
1776309374.0049596,0.2113439911846749,0.551919122145747,0.591,47,69.046875,57326232.0,-0.391,-0.034,0.779,-26.6,-2.21
1776309374.104534,0.21892065152192447,0.554874759145896,0.5965,47,68.46875,57441880.0,-0.392,-0.037,0.781,-26.6,-2.4
1776309374.2049048,0.21239719360885875,0.5515146708357639,0.591,47,68.9375,57557500.0,-0.392,-0.036,0.782,-26.57,-2.37
1776309374.3031716,0.21160918113084323,0.5603771537644392,0.599,47,69.3125,57673152.0,-0.392,-0.034,0.781,-26.6,-2.24
1776309374.4039342,0.21362650977056394,0.5542560007101837,0.594,47,68.921875,57730960.0,-0.392,-0.037,0.779,-26.68,-2.44
1776309374.5026677,0.21335753042202596,0.5495350891546547,0.5895,47,68.78125,57846576.0,-0.389,-0.037,0.778,-26.51,-2.41
1776309374.6040561,0.22059625228750163,0.5434331085577221,0.5865,47,67.90625,57962192.0,-0.391,-0.032,0.779,-26.63,-2.12
1776309374.7038739,0.2100567364760829,0.550805244583798,0.5895,47,69.125,58077840.0,-0.392,-0.037,0.782,-26.58,-2.4
1776309374.8026867,0.21920808555205543,0.5520722916689468,0.594,47,68.34375,58135652.0,-0.393,-0.035,0.783,-26.6,-2.3
1776309374.9030976,0.21075032286942738,0.5585636055190422,0.597,47,69.328125,58251244.0,-0.392,-0.036,0.778,-26.73,-2.34
1776309375.0019622,0.21245807052512633,0.5498834588062642,0.5895,47,68.875,58366880.0,-0.392,-0.035,0.782,-26.59,-2.27
1776309375.100718,0.2152043004066511,0.5472029870957247,0.588,47,68.53125,58424712.0,-0.389,-0.036,0.774,-26.67,-2.39
1776309375.2008777,0.21537784553708528,0.5525046458192034,0.593,47,68.703125,58540336.0,-0.393,-0.037,0.778,-26.74,-2.41
1776309375.3003736,0.21269247125139584,0.5473796444634876,0.58725,47,68.765625,58655984.0,-0.39,-0.036,0.781,-26.53,-2.34
1776309375.4003043,0.21212060806440847,0.5580446645514905,0.597,47,69.1875,58771628.0,-0.392,-0.035,0.777,-26.74,-2.28
1776309375.5008543,0.21135748062441181,0.5551252249574877,0.594,47,69.15625,58829444.0,-0.391,-0.034,0.781,-26.57,-2.24
1776309375.600409,0.21700163253294147,0.5513316075448952,0.5925,47,68.515625,58945072.0,-0.389,-0.036,0.78,-26.47,-2.37
1776309375.698482,0.2142008806256677,0.5508166507461338,0.591,47,68.75,59060692.0,-0.394,-0.035,0.782,-26.7,-2.3
1776309375.7981467,0.21399137234536406,0.5525069615504837,0.5925,47,68.828125,59118492.0,-0.391,-0.035,0.779,-26.64,-2.31
1776309375.8995767,0.21347535195205092,0.5543142376927982,0.594,47,68.9375,59234132.0,-0.393,-0.035,0.78,-26.69,-2.27
1776309376.0002558,0.21690210402256052,0.5497585627078366,0.591,47,68.46875,59349760.0,-0.392,-0.036,0.779,-26.68,-2.34
1776309376.0986278,0.20923652846521276,0.5559281204938514,0.594,47,69.375,59465396.0,-0.391,-0.034,0.775,-26.73,-2.26
1776309376.2001078,0.21212263378265267,0.5467963407312733,0.5865,47,68.796875,59523224.0,-0.392,-0.036,0.777,-26.71,-2.38
1776309376.2995918,0.21858294725818464,0.5410117791397204,0.5835,47,68.0,59638856.0,-0.393,-0.035,0.782,-26.63,-2.3
1776309376.3994305,0.21164498491860495,0.55180376979394,0.591,47,69.015625,59754476.0,-0.392,-0.036,0.78,-26.64,-2.34
1776309376.4994476,0.2096874042453767,0.5525506243782881,0.591,47,69.21875,59812304.0,-0.393,-0.037,0.779,-26.74,-2.4
1776309376.598197,0.21619375276081956,0.5532596689324043,0.594,47,68.65625,59927940.0,-0.39,-0.036,0.776,-26.64,-2.35
1776309376.698094,0.21995828805193005,0.5566153083748813,0.5985,47,68.4375,60043568.0,-0.392,-0.035,0.781,-26.64,-2.27
1776309376.798922,0.21236612141615874,0.5483107061463028,0.588,47,68.828125,60159200.0,-0.392,-0.034,0.781,-26.64,-2.24
1776309376.8974836,0.21379510713128258,0.5466814906019074,0.587,47,68.640625,60217020.0,-0.391,-0.035,0.779,-26.63,-2.28
1776309376.9979959,0.21644030669407496,0.5451016819256521,0.5865,47,68.34375,60332676.0,-0.392,-0.035,0.783,-26.58,-2.3
1776309377.097567,0.2111968836464775,0.5616011719521392,0.6,47,69.390625,60448304.0,-0.391,-0.035,0.778,-26.67,-2.28
1776309377.1961029,0.21535351886813428,0.5471442788799972,0.588,47,68.515625,60563936.0,-0.392,-0.034,0.778,-26.7,-2.22
1776309377.2936132,0.20993419792660434,0.551387007954407,0.59,47,69.15625,60621756.0,-0.391,-0.038,0.779,-26.61,-2.47
1776309377.394154,0.21718608966152247,0.5598485977990274,0.6005,47,68.796875,60737384.0,-0.39,-0.034,0.78,-26.54,-2.21
1776309377.492488,0.21275176831762835,0.5615486934164501,0.6005,47,69.25,60852996.0,-0.393,-0.035,0.781,-26.69,-2.27
1776309377.5912206,0.21465144470896694,0.5506412237422416,0.591,47,68.703125,60910828.0,-0.394,-0.035,0.781,-26.74,-2.27
1776309377.6924336,0.2107373541336296,0.561773769032301,0.6,47,69.4375,61026480.0,-0.391,-0.037,0.78,-26.61,-2.4
1776309377.7927637,0.21397272163936798,0.5578726775835519,0.5975,47,69.015625,61142112.0,-0.388,-0.034,0.777,-26.49,-2.25
1776309377.8929586,0.21453312265509913,0.5539057133518773,0.594,47,68.828125,61257720.0,-0.392,-0.034,0.782,-26.6,-2.24
1776309377.9912043,0.21694963372817921,0.5481269072260628,0.5895,47,68.40625,61315540.0,-0.391,-0.034,0.784,-26.47,-2.24
1776309378.0910237,0.21307743828522835,0.5555384822798549,0.595,47,69.015625,61431172.0,-0.391,-0.032,0.779,-26.6,-2.09
1776309378.1921709,0.20855386895792136,0.5513760366054025,0.5895,47,69.28125,61546820.0,-0.392,-0.033,0.776,-26.75,-2.15
1776309378.2921262,0.21248384948899512,0.5530884772858119,0.5925,47,68.984375,61604644.0,-0.391,-0.035,0.782,-26.53,-2.3
1776309378.3901372,0.21305801395828888,0.5614325718090728,0.6005,47,69.21875,61720264.0,-0.393,-0.033,0.781,-26.67,-2.18
1776309378.4918911,0.2132668691817246,0.5533229097998972,0.593,47,68.921875,61835908.0,-0.391,-0.034,0.78,-26.6,-2.24
1776309378.5918813,0.21174930559951186,0.5552434547818862,0.59425,47,69.125,61951528.0,-0.394,-0.035,0.782,-26.71,-2.3
1776309378.690197,0.21830446633725387,0.5524302308683032,0.594,47,68.4375,62009336.0,-0.392,-0.035,0.778,-26.69,-2.28
1776309378.7908897,0.21320766004241049,0.5495932529600777,0.5895,47,68.796875,62124980.0,-0.392,-0.033,0.776,-26.77,-2.15
1776309378.8920279,0.21137288104951626,0.562069172928766,0.6005,47,69.390625,62240608.0,-0.391,-0.035,0.781,-26.59,-2.27
1776309378.9900568,0.20931292123543344,0.554296266453139,0.5925,47,69.3125,62356256.0,-0.39,-0.033,0.779,-26.57,-2.18
1776309379.0909302,0.21955841883038282,0.5551604279131414,0.597,47,68.421875,62414084.0,-0.392,-0.034,0.779,-26.69,-2.24
1776309379.1904652,0.21130351134689782,0.5604924853131141,0.599,47,69.34375,62529708.0,-0.391,-0.034,0.78,-26.59,-2.21
1776309379.2876482,0.2096874042453767,0.5525506243782881,0.591,47,69.21875,62645356.0,-0.391,-0.033,0.781,-26.57,-2.18
1776309379.3893583,0.21570220165917847,0.5502304609882872,0.591,47,68.59375,62703176.0,-0.388,-0.035,0.778,-26.5,-2.28
1776309379.488563,0.2112579062569546,0.5503456614201004,0.5895,47,69.0,62818784.0,-0.392,-0.036,0.778,-26.73,-2.34
1776309379.5856152,0.2110792750011333,0.5589738720772162,0.5975,47,69.3125,62934428.0,-0.39,-0.034,0.781,-26.51,-2.24
1776309379.6864357,0.2131490074024142,0.5512245464811646,0.591,47,68.859375,63050052.0,-0.392,-0.037,0.779,-26.7,-2.44
1776309379.7840183,0.21673324588463222,0.5519743654630273,0.593,47,68.5625,63107860.0,-0.39,-0.036,0.779,-26.54,-2.37
1776309379.8840847,0.21643215834838045,0.552092493005168,0.593,47,68.59375,63223492.0,-0.389,-0.034,0.781,-26.46,-2.24
1776309379.9821458,0.2149234291681456,0.555363097076683,0.5955,47,68.84375,63339120.0,-0.392,-0.035,0.776,-26.74,-2.32
1776309380.0830874,0.2121581240373756,0.5499992549130786,0.5895,47,68.90625,63396944.0,-0.391,-0.035,0.781,-26.56,-2.31
1776309380.184076,0.21244998281914726,0.5635335547242454,0.60225,47,69.34375,63512568.0,-0.39,-0.036,0.778,-26.57,-2.35
1776309380.2841108,0.21138411654344022,0.5588586630563664,0.5975,47,69.28125,63628188.0,-0.392,-0.035,0.779,-26.69,-2.28
1776309380.3839371,0.21135949573633936,0.5583333803043485,0.597,47,69.265625,63743836.0,-0.39,-0.034,0.779,-26.56,-2.25
1776309380.4828439,0.2139004249014713,0.550933397269552,0.591,47,68.78125,63801664.0,-0.392,-0.033,0.783,-26.59,-2.14
1776309380.583189,0.21097474640211206,0.5536658797330432,0.5925,47,69.140625,63917316.0,-0.39,-0.036,0.779,-26.54,-2.34
1776309380.6812503,0.21380704631255487,0.5493603525438481,0.5895,47,68.734375,64032940.0,-0.391,-0.037,0.782,-26.55,-2.43
1776309380.7807348,0.2178524374035555,0.5526086458944792,0.594,47,68.484375,64090756.0,-0.393,-0.033,0.781,-26.67,-2.18
1776309380.880807,0.21256807203740954,0.5546627937317399,0.594,47,69.03125,64206384.0,-0.392,-0.034,0.779,-26.67,-2.25
1776309380.982806,0.21800312993130447,0.5525492153104145,0.594,47,68.46875,64322024.0,-0.392,-0.037,0.779,-26.67,-2.41
1776309381.0807714,0.21152615377670078,0.5620115090177741,0.6005,47,69.375,64437656.0,-0.393,-0.035,0.779,-26.76,-2.31
1776309381.1808398,0.2144061781711979,0.5491267984373196,0.5895,47,68.671875,64495464.0,-0.394,-0.035,0.78,-26.77,-2.27
1776309381.2823114,0.2107743706673981,0.5590889148156689,0.5975,47,69.34375,64611084.0,-0.392,-0.035,0.781,-26.61,-2.3
1776309381.380575,0.20961521180249093,0.554182021524514,0.5925,47,69.28125,64726732.0,-0.392,-0.034,0.777,-26.72,-2.22
1776309381.4802754,0.2112214819025495,0.5525013444172702,0.5915,47,69.078125,64842372.0,-0.39,-0.036,0.779,-26.58,-2.38
1776309381.5804417,0.20926143085430107,0.5532466932181435,0.5915,47,69.28125,64900184.0,-0.394,-0.036,0.779,-26.8,-2.34
1776309381.6801639,0.216133863595844,0.5473740978591636,0.5885,47,68.453125,65015800.0,-0.392,-0.036,0.781,-26.64,-2.34
1776309381.780698,0.2112579062569546,0.5503456614201004,0.5895,47,69.0,65131444.0,-0.392,-0.035,0.78,-26.66,-2.31
1776309381.8809342,0.20931292123543344,0.554296266453139,0.5925,47,69.3125,65189268.0,-0.392,-0.034,0.782,-26.59,-2.21
1776309381.980019,0.21705201934603874,0.5496993913929747,0.591,47,68.453125,65304908.0,-0.395,-0.036,0.779,-26.83,-2.34
1776309382.0790248,0.21714288800630555,0.5464366076575407,0.588,47,68.328125,65420560.0,-0.402,-0.037,0.786,-27.08,-2.41
1776309382.1777067,0.21006853070766493,0.5540103450354722,0.5925,47,69.234375,65536172.0,-0.394,-0.036,0.78,-26.76,-2.37
1776309382.2779977,0.2102900186010562,0.5523215622051771,0.591,47,69.15625,65593980.0,-0.39,-0.037,0.779,-26.57,-2.41
1776309382.3769562,0.21510186512061338,0.5504654281802204,0.591,47,68.65625,65709604.0,-0.391,-0.036,0.782,-26.51,-2.33
1776309382.4751472,0.21037066521639972,0.5538956880283593,0.5925,47,69.203125,65825236.0,-0.392,-0.036,0.782,-26.58,-2.33
1776309382.5749323,0.21325649495605628,0.5560053213405943,0.5955,47,69.015625,65883044.0,-0.394,-0.034,0.78,-26.76,-2.21
1776309382.6751862,0.21037273349485336,0.5571028298275853,0.5955,47,69.3125,65998676.0,-0.391,-0.034,0.777,-26.66,-2.22
1776309382.7741323,0.20999436310354608,0.5556423017236323,0.594,47,69.296875,66114320.0,-0.393,-0.035,0.777,-26.82,-2.28
1776309382.8736455,0.2152881947405188,0.5536126743539822,0.594,47,68.75,66229960.0,-0.395,-0.034,0.78,-26.83,-2.24
1776309382.9731047,0.21483519943204718,0.5537886213032843,0.594,47,68.796875,66287776.0,-0.391,-0.036,0.774,-26.77,-2.38
1776309383.071184,0.21211421851245038,0.5548365149346719,0.594,47,69.078125,66403400.0,-0.391,-0.035,0.781,-26.59,-2.27
1776309383.1701198,0.21435746385497292,0.5625432229523915,0.602,47,69.140625,66519028.0,-0.391,-0.035,0.782,-26.54,-2.3
1776309383.2702048,0.21125838644603812,0.5476667729159916,0.587,47,68.90625,66576848.0,-0.39,-0.036,0.778,-26.61,-2.38
1776309383.3701794,0.2142926863021683,0.5523901651888822,0.5925,47,68.796875,66692472.0,-0.391,-0.034,0.779,-26.64,-2.21
1776309383.4711828,0.20999436310354608,0.5556423017236323,0.594,47,69.296875,66808100.0,-0.392,-0.036,0.782,-26.6,-2.36
1776309383.5710375,0.2140798878573792,0.5540810424612738,0.594,47,68.875,66923716.0,-0.394,-0.036,0.784,-26.65,-2.36
1776309383.6703374,0.21239719360885875,0.5515146708357639,0.591,47,68.9375,66981532.0,-0.391,-0.035,0.779,-26.64,-2.31
1776309383.7695951,0.21402602152965808,0.5589231719191703,0.5985,47,69.046875,67097168.0,-0.394,-0.033,0.779,-26.79,-2.18
